[{"model": "admin.logentry", "pk": 1, "fields": {"action_time": "2025-07-05T16:01:38.050Z", "user": 1, "content_type": 7, "object_id": "1", "object_repr": "patrons", "action_flag": 1, "change_message": "[{\"added\": {}}]"}}, {"model": "admin.logentry", "pk": 2, "fields": {"action_time": "2025-07-05T16:01:55.220Z", "user": 1, "content_type": 7, "object_id": "2", "object_repr": "Honorary Chairs", "action_flag": 1, "change_message": "[{\"added\": {}}]"}}, {"model": "admin.logentry", "pk": 3, "fields": {"action_time": "2025-07-05T16:02:10.445Z", "user": 1, "content_type": 7, "object_id": "3", "object_repr": "General Chairs", "action_flag": 1, "change_message": "[{\"added\": {}}]"}}, {"model": "admin.logentry", "pk": 4, "fields": {"action_time": "2025-07-05T16:02:27.809Z", "user": 1, "content_type": 7, "object_id": "4", "object_repr": "General Co Chairs", "action_flag": 1, "change_message": "[{\"added\": {}}]"}}, {"model": "admin.logentry", "pk": 5, "fields": {"action_time": "2025-07-05T16:02:49.310Z", "user": 1, "content_type": 7, "object_id": "5", "object_repr": "Finance Committee Conference Secretaries", "action_flag": 1, "change_message": "[{\"added\": {}}]"}}, {"model": "admin.logentry", "pk": 6, "fields": {"action_time": "2025-07-05T16:03:17.226Z", "user": 1, "content_type": 7, "object_id": "6", "object_repr": "Program Chairs", "action_flag": 1, "change_message": "[{\"added\": {}}]"}}, {"model": "admin.logentry", "pk": 7, "fields": {"action_time": "2025-07-05T16:03:25.756Z", "user": 1, "content_type": 7, "object_id": "7", "object_repr": "Technical Programme Committee", "action_flag": 1, "change_message": "[{\"added\": {}}]"}}, {"model": "admin.logentry", "pk": 8, "fields": {"action_time": "2025-07-05T16:03:39.959Z", "user": 1, "content_type": 7, "object_id": "8", "object_repr": "Information Committee", "action_flag": 1, "change_message": "[{\"added\": {}}]"}}, {"model": "admin.logentry", "pk": 9, "fields": {"action_time": "2025-07-05T16:03:51.852Z", "user": 1, "content_type": 7, "object_id": "9", "object_repr": "Publication Committee", "action_flag": 1, "change_message": "[{\"added\": {}}]"}}, {"model": "admin.logentry", "pk": 10, "fields": {"action_time": "2025-07-05T16:04:10.103Z", "user": 1, "content_type": 7, "object_id": "10", "object_repr": "Web Master And Technical Coordination Committee", "action_flag": 1, "change_message": "[{\"added\": {}}]"}}, {"model": "admin.logentry", "pk": 11, "fields": {"action_time": "2025-07-05T16:04:22.206Z", "user": 1, "content_type": 7, "object_id": "11", "object_repr": "Local Organizing Committee", "action_flag": 1, "change_message": "[{\"added\": {}}]"}}, {"model": "admin.logentry", "pk": 12, "fields": {"action_time": "2025-07-05T16:04:32.623Z", "user": 1, "content_type": 7, "object_id": "12", "object_repr": "Volunteers", "action_flag": 1, "change_message": "[{\"added\": {}}]"}}, {"model": "admin.logentry", "pk": 13, "fields": {"action_time": "2025-07-06T08:38:15.296Z", "user": 1, "content_type": 9, "object_id": "3", "object_repr": "Shri C. K. Birla (patrons)", "action_flag": 3, "change_message": ""}}, {"model": "admin.logentry", "pk": 14, "fields": {"action_time": "2025-07-06T08:38:15.296Z", "user": 1, "content_type": 9, "object_id": "2", "object_repr": "Shri C. K. Birla (patrons)", "action_flag": 3, "change_message": ""}}, {"model": "admin.logentry", "pk": 15, "fields": {"action_time": "2025-07-06T08:38:15.296Z", "user": 1, "content_type": 9, "object_id": "1", "object_repr": "Shri C. K. Birla (patrons)", "action_flag": 3, "change_message": ""}}, {"model": "admin.logentry", "pk": 16, "fields": {"action_time": "2025-07-06T17:03:15.176Z", "user": 1, "content_type": 9, "object_id": "160", "object_repr": "Parvej khan (Volunteers)", "action_flag": 1, "change_message": "[{\"added\": {}}]"}}, {"model": "admin.logentry", "pk": 17, "fields": {"action_time": "2025-07-06T17:04:05.922Z", "user": 1, "content_type": 9, "object_id": "160", "object_repr": "Parvej khan (Volunteers)", "action_flag": 3, "change_message": ""}}, {"model": "admin.logentry", "pk": 18, "fields": {"action_time": "2025-07-24T15:06:11.019Z", "user": 1, "content_type": 11, "object_id": "1", "object_repr": "<built-in function id>-Platinum", "action_flag": 1, "change_message": "[{\"added\": {}}]"}}, {"model": "admin.logentry", "pk": 19, "fields": {"action_time": "2025-07-24T15:06:19.437Z", "user": 1, "content_type": 11, "object_id": "2", "object_repr": "<built-in function id>-Diamond", "action_flag": 1, "change_message": "[{\"added\": {}}]"}}, {"model": "admin.logentry", "pk": 20, "fields": {"action_time": "2025-07-24T15:16:49.138Z", "user": 1, "content_type": 11, "object_id": "3", "object_repr": "<built-in function id>-Platinum", "action_flag": 1, "change_message": "[{\"added\": {}}]"}}, {"model": "admin.logentry", "pk": 21, "fields": {"action_time": "2025-07-24T15:17:54.486Z", "user": 1, "content_type": 11, "object_id": "4", "object_repr": "<built-in function id>-Diamond", "action_flag": 1, "change_message": "[{\"added\": {}}]"}}, {"model": "admin.logentry", "pk": 22, "fields": {"action_time": "2025-07-24T15:18:50.926Z", "user": 1, "content_type": 11, "object_id": "5", "object_repr": "<built-in function id>-Gold", "action_flag": 1, "change_message": "[{\"added\": {}}]"}}, {"model": "admin.logentry", "pk": 23, "fields": {"action_time": "2025-07-24T15:19:43.624Z", "user": 1, "content_type": 11, "object_id": "6", "object_repr": "<built-in function id>-Silver", "action_flag": 1, "change_message": "[{\"added\": {}}]"}}, {"model": "admin.logentry", "pk": 24, "fields": {"action_time": "2025-07-24T15:20:48.557Z", "user": 1, "content_type": 11, "object_id": "7", "object_repr": "<built-in function id>-Bronze", "action_flag": 1, "change_message": "[{\"added\": {}}]"}}, {"model": "admin.logentry", "pk": 25, "fields": {"action_time": "2025-07-24T15:22:22.311Z", "user": 1, "content_type": 11, "object_id": "8", "object_repr": "8-Home", "action_flag": 1, "change_message": "[{\"added\": {}}]"}}, {"model": "admin.logentry", "pk": 26, "fields": {"action_time": "2025-07-24T15:24:36.266Z", "user": 1, "content_type": 10, "object_id": "2", "object_repr": "NIT Delhi-8-Home-2", "action_flag": 1, "change_message": "[{\"added\": {}}]"}}, {"model": "admin.logentry", "pk": 27, "fields": {"action_time": "2025-07-24T15:28:45.274Z", "user": 1, "content_type": 10, "object_id": "3", "object_repr": "IEE TEMS-Platinum-3", "action_flag": 1, "change_message": "[{\"added\": {}}]"}}, {"model": "admin.logentry", "pk": 28, "fields": {"action_time": "2025-07-24T15:29:35.807Z", "user": 1, "content_type": 10, "object_id": "4", "object_repr": "IEEE TEMS - Mobile-Platinum-4", "action_flag": 1, "change_message": "[{\"added\": {}}]"}}, {"model": "admin.logentry", "pk": 29, "fields": {"action_time": "2025-07-24T15:30:57.400Z", "user": 1, "content_type": 10, "object_id": "5", "object_repr": "TEMSMET-2025-Platinum-5", "action_flag": 1, "change_message": "[{\"added\": {}}]"}}, {"model": "admin.logentry", "pk": 30, "fields": {"action_time": "2025-07-24T15:31:17.968Z", "user": 1, "content_type": 10, "object_id": "4", "object_repr": "IEEE TEMS - Mobile-Platinum-4", "action_flag": 2, "change_message": "[{\"changed\": {\"fields\": [\"Logo\"]}}]"}}, {"model": "admin.logentry", "pk": 31, "fields": {"action_time": "2025-07-24T15:32:48.373Z", "user": 1, "content_type": 10, "object_id": "6", "object_repr": "IEEE-Platinum-6", "action_flag": 1, "change_message": "[{\"added\": {}}]"}}, {"model": "admin.logentry", "pk": 32, "fields": {"action_time": "2025-07-24T15:33:08.456Z", "user": 1, "content_type": 10, "object_id": "7", "object_repr": "IEE Mobile-Platinum-7", "action_flag": 1, "change_message": "[{\"added\": {}}]"}}, {"model": "admin.logentry", "pk": 33, "fields": {"action_time": "2025-07-24T15:36:29.742Z", "user": 1, "content_type": 10, "object_id": "8", "object_repr": "ANRF-Diamond-8", "action_flag": 1, "change_message": "[{\"added\": {}}]"}}, {"model": "admin.logentry", "pk": 34, "fields": {"action_time": "2025-07-24T15:37:46.512Z", "user": 1, "content_type": 10, "object_id": "9", "object_repr": "CYINT-Gold-9", "action_flag": 1, "change_message": "[{\"added\": {}}]"}}, {"model": "admin.logentry", "pk": 35, "fields": {"action_time": "2025-07-26T12:13:08.542Z", "user": 1, "content_type": 10, "object_id": "2", "object_repr": "NIT Delhi-Home-2", "action_flag": 2, "change_message": "[{\"changed\": {\"fields\": [\"Position\", \"Order\"]}}]"}}, {"model": "admin.logentry", "pk": 36, "fields": {"action_time": "2025-07-26T12:13:39.933Z", "user": 1, "content_type": 10, "object_id": "3", "object_repr": "IEE TEMS-Platinum-3", "action_flag": 2, "change_message": "[{\"changed\": {\"fields\": [\"Position\", \"Order\"]}}]"}}, {"model": "admin.logentry", "pk": 37, "fields": {"action_time": "2025-07-26T12:13:48.063Z", "user": 1, "content_type": 10, "object_id": "4", "object_repr": "IEEE TEMS - Mobile-Platinum-4", "action_flag": 2, "change_message": "[{\"changed\": {\"fields\": [\"Position\", \"Order\"]}}]"}}, {"model": "admin.logentry", "pk": 38, "fields": {"action_time": "2025-07-26T12:14:00.472Z", "user": 1, "content_type": 10, "object_id": "5", "object_repr": "TEMSMET-2025-Platinum-5", "action_flag": 2, "change_message": "[{\"changed\": {\"fields\": [\"Position\", \"Order\"]}}]"}}, {"model": "admin.logentry", "pk": 39, "fields": {"action_time": "2025-07-26T12:14:12.081Z", "user": 1, "content_type": 10, "object_id": "6", "object_repr": "IEEE-Platinum-6", "action_flag": 2, "change_message": "[{\"changed\": {\"fields\": [\"Position\", \"Order\"]}}]"}}, {"model": "admin.logentry", "pk": 40, "fields": {"action_time": "2025-07-26T12:14:27.414Z", "user": 1, "content_type": 10, "object_id": "6", "object_repr": "IEEE-Platinum-6", "action_flag": 2, "change_message": "[]"}}, {"model": "admin.logentry", "pk": 41, "fields": {"action_time": "2025-07-26T12:14:44.217Z", "user": 1, "content_type": 10, "object_id": "7", "object_repr": "IEE Mobile-Platinum-7", "action_flag": 2, "change_message": "[{\"changed\": {\"fields\": [\"Position\", \"Order\"]}}]"}}, {"model": "admin.logentry", "pk": 42, "fields": {"action_time": "2025-07-26T12:14:52.893Z", "user": 1, "content_type": 10, "object_id": "7", "object_repr": "IEE Mobile-Platinum-7", "action_flag": 2, "change_message": "[{\"changed\": {\"fields\": [\"Order\"]}}]"}}, {"model": "admin.logentry", "pk": 43, "fields": {"action_time": "2025-07-26T12:15:15.223Z", "user": 1, "content_type": 10, "object_id": "8", "object_repr": "ANRF-Diamond-8", "action_flag": 2, "change_message": "[{\"changed\": {\"fields\": [\"Order\"]}}]"}}, {"model": "admin.logentry", "pk": 44, "fields": {"action_time": "2025-07-26T12:15:22.923Z", "user": 1, "content_type": 10, "object_id": "9", "object_repr": "CYINT-Gold-9", "action_flag": 2, "change_message": "[{\"changed\": {\"fields\": [\"Order\"]}}]"}}, {"model": "admin.logentry", "pk": 45, "fields": {"action_time": "2025-07-28T14:22:00.799Z", "user": 1, "content_type": 10, "object_id": "8", "object_repr": "ANRF-Gold-8", "action_flag": 2, "change_message": "[{\"changed\": {\"fields\": [\"Tier\"]}}]"}}, {"model": "admin.logentry", "pk": 46, "fields": {"action_time": "2025-07-28T14:22:05.753Z", "user": 1, "content_type": 10, "object_id": "9", "object_repr": "CYINT-Silver-9", "action_flag": 2, "change_message": "[{\"changed\": {\"fields\": [\"Tier\"]}}]"}}, {"model": "admin.logentry", "pk": 47, "fields": {"action_time": "2025-07-28T14:34:45.200Z", "user": 1, "content_type": 10, "object_id": "9", "object_repr": "CYINT-Silver-9", "action_flag": 2, "change_message": "[]"}}, {"model": "admin.logentry", "pk": 48, "fields": {"action_time": "2025-07-28T15:05:11.103Z", "user": 1, "content_type": 10, "object_id": "10", "object_repr": "this-Gold-10", "action_flag": 1, "change_message": "[{\"added\": {}}]"}}, {"model": "admin.logentry", "pk": 49, "fields": {"action_time": "2025-07-28T15:05:44.337Z", "user": 1, "content_type": 10, "object_id": "10", "object_repr": "this-Gold-10", "action_flag": 3, "change_message": ""}}, {"model": "admin.logentry", "pk": 50, "fields": {"action_time": "2025-07-28T15:07:08.648Z", "user": 1, "content_type": 10, "object_id": "11", "object_repr": "IEEE-Gold-11", "action_flag": 1, "change_message": "[{\"added\": {}}]"}}, {"model": "admin.logentry", "pk": 51, "fields": {"action_time": "2025-07-28T15:07:33.002Z", "user": 1, "content_type": 10, "object_id": "11", "object_repr": "IEEE-Gold-11", "action_flag": 3, "change_message": ""}}, {"model": "admin.logentry", "pk": 52, "fields": {"action_time": "2025-07-28T15:08:00.938Z", "user": 1, "content_type": 10, "object_id": "2", "object_repr": "NIT Delhi-Home-2", "action_flag": 2, "change_message": "[{\"changed\": {\"fields\": [\"Position\"]}}]"}}, {"model": "admin.logentry", "pk": 53, "fields": {"action_time": "2025-07-28T15:08:24.471Z", "user": 1, "content_type": 10, "object_id": "2", "object_repr": "NIT Delhi-Gold-2", "action_flag": 2, "change_message": "[{\"changed\": {\"fields\": [\"Tier\"]}}]"}}, {"model": "admin.logentry", "pk": 54, "fields": {"action_time": "2025-07-28T15:08:47.815Z", "user": 1, "content_type": 10, "object_id": "2", "object_repr": "NIT Delhi-Gold-2", "action_flag": 2, "change_message": "[{\"changed\": {\"fields\": [\"Order\"]}}]"}}, {"model": "admin.logentry", "pk": 55, "fields": {"action_time": "2025-07-28T15:09:03.584Z", "user": 1, "content_type": 10, "object_id": "2", "object_repr": "NIT Delhi-Gold-2", "action_flag": 3, "change_message": ""}}, {"model": "admin.logentry", "pk": 56, "fields": {"action_time": "2025-07-28T15:29:01.384Z", "user": 1, "content_type": 10, "object_id": "9", "object_repr": "CYINT-Silver-9", "action_flag": 2, "change_message": "[{\"changed\": {\"fields\": [\"Link\"]}}]"}}, {"model": "admin.logentry", "pk": 57, "fields": {"action_time": "2025-07-28T17:16:56.738Z", "user": 1, "content_type": 11, "object_id": "4", "object_repr": "Diamond", "action_flag": 2, "change_message": "[{\"changed\": {\"fields\": [\"Tier order\"]}}]"}}, {"model": "admin.logentry", "pk": 58, "fields": {"action_time": "2025-07-28T17:17:04.660Z", "user": 1, "content_type": 11, "object_id": "3", "object_repr": "Platinum", "action_flag": 2, "change_message": "[{\"changed\": {\"fields\": [\"Tier order\"]}}]"}}, {"model": "admin.logentry", "pk": 59, "fields": {"action_time": "2025-07-28T17:17:14.267Z", "user": 1, "content_type": 11, "object_id": "5", "object_repr": "Gold", "action_flag": 2, "change_message": "[{\"changed\": {\"fields\": [\"Tier order\"]}}]"}}, {"model": "admin.logentry", "pk": 60, "fields": {"action_time": "2025-07-28T17:17:23.076Z", "user": 1, "content_type": 11, "object_id": "6", "object_repr": "Silver", "action_flag": 2, "change_message": "[{\"changed\": {\"fields\": [\"Tier order\"]}}]"}}, {"model": "admin.logentry", "pk": 61, "fields": {"action_time": "2025-07-28T17:17:31.864Z", "user": 1, "content_type": 11, "object_id": "7", "object_repr": "Bronze", "action_flag": 2, "change_message": "[{\"changed\": {\"fields\": [\"Tier order\"]}}]"}}, {"model": "admin.logentry", "pk": 62, "fields": {"action_time": "2025-07-28T17:18:05.719Z", "user": 1, "content_type": 11, "object_id": "5", "object_repr": "Gold", "action_flag": 2, "change_message": "[{\"changed\": {\"fields\": [\"Tier order\"]}}]"}}, {"model": "admin.logentry", "pk": 63, "fields": {"action_time": "2025-07-28T17:18:10.787Z", "user": 1, "content_type": 11, "object_id": "5", "object_repr": "Gold", "action_flag": 2, "change_message": "[]"}}, {"model": "admin.logentry", "pk": 64, "fields": {"action_time": "2025-07-28T17:18:19.728Z", "user": 1, "content_type": 11, "object_id": "6", "object_repr": "Silver", "action_flag": 2, "change_message": "[{\"changed\": {\"fields\": [\"Tier order\"]}}]"}}, {"model": "admin.logentry", "pk": 65, "fields": {"action_time": "2025-07-28T18:06:03.200Z", "user": 1, "content_type": 11, "object_id": "6", "object_repr": "Silver", "action_flag": 2, "change_message": "[{\"changed\": {\"fields\": [\"Tier order\"]}}]"}}, {"model": "admin.logentry", "pk": 66, "fields": {"action_time": "2025-08-10T14:43:08.787Z", "user": 1, "content_type": 12, "object_id": "1", "object_repr": "Notification of Acceptance will be notified by 18 August. - 1", "action_flag": 1, "change_message": "[{\"added\": {}}]"}}, {"model": "admin.logentry", "pk": 67, "fields": {"action_time": "2025-08-10T15:33:47.260Z", "user": 1, "content_type": 12, "object_id": "1", "object_repr": "Notification of Acceptance will be notified by 18 August. - 1", "action_flag": 2, "change_message": "[{\"changed\": {\"fields\": [\"Priority colors\"]}}]"}}, {"model": "admin.logentry", "pk": 68, "fields": {"action_time": "2025-08-10T18:34:42.405Z", "user": 1, "content_type": 12, "object_id": "1", "object_repr": "Notification of Acceptance will be notified by 18 August. - 1", "action_flag": 2, "change_message": "[{\"changed\": {\"fields\": [\"Is active\"]}}]"}}, {"model": "admin.logentry", "pk": 69, "fields": {"action_time": "2025-08-10T18:35:05.136Z", "user": 1, "content_type": 12, "object_id": "1", "object_repr": "Notification of Acceptance will be notified by 18 August. - 1", "action_flag": 2, "change_message": "[{\"changed\": {\"fields\": [\"Is active\"]}}]"}}, {"model": "admin.logentry", "pk": 70, "fields": {"action_time": "2025-08-10T18:42:41.733Z", "user": 1, "content_type": 12, "object_id": "2", "object_repr": "testing - 2", "action_flag": 1, "change_message": "[{\"added\": {}}]"}}, {"model": "admin.logentry", "pk": 71, "fields": {"action_time": "2025-08-10T18:48:17.479Z", "user": 1, "content_type": 12, "object_id": "3", "object_repr": "Hajj 2025 registration now open for early applicants. - 3", "action_flag": 1, "change_message": "[{\"added\": {}}]"}}, {"model": "admin.logentry", "pk": 72, "fields": {"action_time": "2025-08-10T18:48:37.019Z", "user": 1, "content_type": 12, "object_id": "4", "object_repr": "Umrah visa processing times reduced by 3 days. - 4", "action_flag": 1, "change_message": "[{\"added\": {}}]"}}, {"model": "admin.logentry", "pk": 73, "fields": {"action_time": "2025-08-10T18:48:51.219Z", "user": 1, "content_type": 12, "object_id": "5", "object_repr": "New transport services introduced between Mina and Arafat - 5", "action_flag": 1, "change_message": "[{\"added\": {}}]"}}, {"model": "admin.logentry", "pk": 74, "fields": {"action_time": "2025-08-10T18:49:05.450Z", "user": 1, "content_type": 12, "object_id": "6", "object_repr": "Special discounts on Ihram clothing at Medina marketplace. - 6", "action_flag": 1, "change_message": "[{\"added\": {}}]"}}, {"model": "admin.logentry", "pk": 75, "fields": {"action_time": "2025-08-10T19:10:02.593Z", "user": 1, "content_type": 12, "object_id": "3", "object_repr": "Hajj 2025 registration now open for early applicants. - 3", "action_flag": 2, "change_message": "[{\"changed\": {\"fields\": [\"Is active\"]}}]"}}, {"model": "admin.logentry", "pk": 76, "fields": {"action_time": "2025-08-10T19:10:07.551Z", "user": 1, "content_type": 12, "object_id": "2", "object_repr": "testing - 2", "action_flag": 2, "change_message": "[{\"changed\": {\"fields\": [\"Is active\"]}}]"}}, {"model": "admin.logentry", "pk": 77, "fields": {"action_time": "2025-08-10T19:15:04.948Z", "user": 1, "content_type": 12, "object_id": "5", "object_repr": "New transport services introduced between Mina and Arafat - 5", "action_flag": 2, "change_message": "[{\"changed\": {\"fields\": [\"Link\"]}}]"}}, {"model": "admin.logentry", "pk": 78, "fields": {"action_time": "2025-08-10T19:47:04.051Z", "user": 1, "content_type": 12, "object_id": "6", "object_repr": "Special discounts on Ihram clothing at Medina marketplace. - 6", "action_flag": 2, "change_message": "[{\"changed\": {\"fields\": [\"Is active\"]}}]"}}, {"model": "admin.logentry", "pk": 79, "fields": {"action_time": "2025-08-10T20:04:20.112Z", "user": 1, "content_type": 12, "object_id": "1", "object_repr": "Notification of Acceptance will be notified by 18 August. - 1", "action_flag": 2, "change_message": "[{\"changed\": {\"fields\": [\"Order\"]}}]"}}, {"model": "admin.logentry", "pk": 80, "fields": {"action_time": "2025-08-10T20:07:26.622Z", "user": 1, "content_type": 12, "object_id": "1", "object_repr": "Notification of Acceptance will be notified by 18 August. - 1", "action_flag": 2, "change_message": "[{\"changed\": {\"fields\": [\"Priority colors\"]}}]"}}, {"model": "admin.logentry", "pk": 81, "fields": {"action_time": "2025-08-10T20:08:47.081Z", "user": 1, "content_type": 12, "object_id": "1", "object_repr": "Notification of Acceptance will be notified by 18 August. - 1", "action_flag": 2, "change_message": "[{\"changed\": {\"fields\": [\"Priority colors\"]}}]"}}, {"model": "admin.logentry", "pk": 82, "fields": {"action_time": "2025-08-10T20:10:51.951Z", "user": 1, "content_type": 12, "object_id": "1", "object_repr": "Notification of Acceptance will be notified by 18 August. - 1", "action_flag": 2, "change_message": "[{\"changed\": {\"fields\": [\"Priority colors\"]}}]"}}, {"model": "admin.logentry", "pk": 83, "fields": {"action_time": "2025-08-16T19:14:50.516Z", "user": 1, "content_type": 13, "object_id": "1", "object_repr": "call-for-papers - Enabled", "action_flag": 1, "change_message": "[{\"added\": {}}]"}}, {"model": "admin.logentry", "pk": 84, "fields": {"action_time": "2025-08-16T19:15:39.526Z", "user": 1, "content_type": 13, "object_id": "2", "object_repr": "org-committee - Enabled", "action_flag": 1, "change_message": "[{\"added\": {}}]"}}, {"model": "admin.logentry", "pk": 85, "fields": {"action_time": "2025-08-16T19:16:10.291Z", "user": 1, "content_type": 13, "object_id": "3", "object_repr": "keynote-speakers - Enabled", "action_flag": 1, "change_message": "[{\"added\": {}}]"}}, {"model": "admin.logentry", "pk": 86, "fields": {"action_time": "2025-08-16T19:16:23.414Z", "user": 1, "content_type": 13, "object_id": "4", "object_repr": "venue&directions - Enabled", "action_flag": 1, "change_message": "[{\"added\": {}}]"}}, {"model": "admin.logentry", "pk": 87, "fields": {"action_time": "2025-08-16T19:16:35.977Z", "user": 1, "content_type": 13, "object_id": "5", "object_repr": "submission-guidelines - Enabled", "action_flag": 1, "change_message": "[{\"added\": {}}]"}}, {"model": "admin.logentry", "pk": 88, "fields": {"action_time": "2025-08-16T19:16:44.400Z", "user": 1, "content_type": 13, "object_id": "6", "object_repr": "sponsorhip-invitation - Enabled", "action_flag": 1, "change_message": "[{\"added\": {}}]"}}, {"model": "admin.logentry", "pk": 89, "fields": {"action_time": "2025-08-16T19:16:57.973Z", "user": 1, "content_type": 13, "object_id": "7", "object_repr": "explore-delhi - Enabled", "action_flag": 1, "change_message": "[{\"added\": {}}]"}}, {"model": "admin.logentry", "pk": 90, "fields": {"action_time": "2025-08-16T19:17:01.300Z", "user": 1, "content_type": 13, "object_id": "8", "object_repr": "tourist-destinations - Enabled", "action_flag": 1, "change_message": "[{\"added\": {}}]"}}, {"model": "admin.logentry", "pk": 91, "fields": {"action_time": "2025-08-16T19:17:09.118Z", "user": 1, "content_type": 13, "object_id": "9", "object_repr": "registration - Enabled", "action_flag": 1, "change_message": "[{\"added\": {}}]"}}, {"model": "admin.logentry", "pk": 92, "fields": {"action_time": "2025-08-16T19:17:18.501Z", "user": 1, "content_type": 13, "object_id": "10", "object_repr": "comera-ready-paper - Enabled", "action_flag": 1, "change_message": "[{\"added\": {}}]"}}, {"model": "admin.logentry", "pk": 93, "fields": {"action_time": "2025-08-16T19:20:33.065Z", "user": 1, "content_type": 13, "object_id": "10", "object_repr": "comera-ready-paper - Disabled", "action_flag": 2, "change_message": "[{\"changed\": {\"fields\": [\"Enabled\"]}}]"}}, {"model": "admin.logentry", "pk": 94, "fields": {"action_time": "2025-08-16T19:20:55.125Z", "user": 1, "content_type": 13, "object_id": "3", "object_repr": "keynote-speakers - Disabled", "action_flag": 2, "change_message": "[{\"changed\": {\"fields\": [\"Enabled\"]}}]"}}, {"model": "auth.permission", "pk": 1, "fields": {"name": "Can add log entry", "content_type": 1, "codename": "add_logentry"}}, {"model": "auth.permission", "pk": 2, "fields": {"name": "Can change log entry", "content_type": 1, "codename": "change_logentry"}}, {"model": "auth.permission", "pk": 3, "fields": {"name": "Can delete log entry", "content_type": 1, "codename": "delete_logentry"}}, {"model": "auth.permission", "pk": 4, "fields": {"name": "Can view log entry", "content_type": 1, "codename": "view_logentry"}}, {"model": "auth.permission", "pk": 5, "fields": {"name": "Can add permission", "content_type": 2, "codename": "add_permission"}}, {"model": "auth.permission", "pk": 6, "fields": {"name": "Can change permission", "content_type": 2, "codename": "change_permission"}}, {"model": "auth.permission", "pk": 7, "fields": {"name": "Can delete permission", "content_type": 2, "codename": "delete_permission"}}, {"model": "auth.permission", "pk": 8, "fields": {"name": "Can view permission", "content_type": 2, "codename": "view_permission"}}, {"model": "auth.permission", "pk": 9, "fields": {"name": "Can add group", "content_type": 3, "codename": "add_group"}}, {"model": "auth.permission", "pk": 10, "fields": {"name": "Can change group", "content_type": 3, "codename": "change_group"}}, {"model": "auth.permission", "pk": 11, "fields": {"name": "Can delete group", "content_type": 3, "codename": "delete_group"}}, {"model": "auth.permission", "pk": 12, "fields": {"name": "Can view group", "content_type": 3, "codename": "view_group"}}, {"model": "auth.permission", "pk": 13, "fields": {"name": "Can add user", "content_type": 4, "codename": "add_user"}}, {"model": "auth.permission", "pk": 14, "fields": {"name": "Can change user", "content_type": 4, "codename": "change_user"}}, {"model": "auth.permission", "pk": 15, "fields": {"name": "Can delete user", "content_type": 4, "codename": "delete_user"}}, {"model": "auth.permission", "pk": 16, "fields": {"name": "Can view user", "content_type": 4, "codename": "view_user"}}, {"model": "auth.permission", "pk": 17, "fields": {"name": "Can add content type", "content_type": 5, "codename": "add_contenttype"}}, {"model": "auth.permission", "pk": 18, "fields": {"name": "Can change content type", "content_type": 5, "codename": "change_contenttype"}}, {"model": "auth.permission", "pk": 19, "fields": {"name": "Can delete content type", "content_type": 5, "codename": "delete_contenttype"}}, {"model": "auth.permission", "pk": 20, "fields": {"name": "Can view content type", "content_type": 5, "codename": "view_contenttype"}}, {"model": "auth.permission", "pk": 21, "fields": {"name": "Can add session", "content_type": 6, "codename": "add_session"}}, {"model": "auth.permission", "pk": 22, "fields": {"name": "Can change session", "content_type": 6, "codename": "change_session"}}, {"model": "auth.permission", "pk": 23, "fields": {"name": "Can delete session", "content_type": 6, "codename": "delete_session"}}, {"model": "auth.permission", "pk": 24, "fields": {"name": "Can view session", "content_type": 6, "codename": "view_session"}}, {"model": "auth.permission", "pk": 25, "fields": {"name": "Can add committee", "content_type": 7, "codename": "add_committee"}}, {"model": "auth.permission", "pk": 26, "fields": {"name": "Can change committee", "content_type": 7, "codename": "change_committee"}}, {"model": "auth.permission", "pk": 27, "fields": {"name": "Can delete committee", "content_type": 7, "codename": "delete_committee"}}, {"model": "auth.permission", "pk": 28, "fields": {"name": "Can view committee", "content_type": 7, "codename": "view_committee"}}, {"model": "auth.permission", "pk": 29, "fields": {"name": "Can add speaker", "content_type": 8, "codename": "add_speaker"}}, {"model": "auth.permission", "pk": 30, "fields": {"name": "Can change speaker", "content_type": 8, "codename": "change_speaker"}}, {"model": "auth.permission", "pk": 31, "fields": {"name": "Can delete speaker", "content_type": 8, "codename": "delete_speaker"}}, {"model": "auth.permission", "pk": 32, "fields": {"name": "Can view speaker", "content_type": 8, "codename": "view_speaker"}}, {"model": "auth.permission", "pk": 33, "fields": {"name": "Can add committee member", "content_type": 9, "codename": "add_committeemember"}}, {"model": "auth.permission", "pk": 34, "fields": {"name": "Can change committee member", "content_type": 9, "codename": "change_committeemember"}}, {"model": "auth.permission", "pk": 35, "fields": {"name": "Can delete committee member", "content_type": 9, "codename": "delete_committeemember"}}, {"model": "auth.permission", "pk": 36, "fields": {"name": "Can view committee member", "content_type": 9, "codename": "view_committeemember"}}, {"model": "auth.permission", "pk": 37, "fields": {"name": "Can add sponsor detail", "content_type": 10, "codename": "add_sponsordetail"}}, {"model": "auth.permission", "pk": 38, "fields": {"name": "Can change sponsor detail", "content_type": 10, "codename": "change_sponsordetail"}}, {"model": "auth.permission", "pk": 39, "fields": {"name": "Can delete sponsor detail", "content_type": 10, "codename": "delete_sponsordetail"}}, {"model": "auth.permission", "pk": 40, "fields": {"name": "Can view sponsor detail", "content_type": 10, "codename": "view_sponsordetail"}}, {"model": "auth.permission", "pk": 41, "fields": {"name": "Can add tier", "content_type": 11, "codename": "add_tier"}}, {"model": "auth.permission", "pk": 42, "fields": {"name": "Can change tier", "content_type": 11, "codename": "change_tier"}}, {"model": "auth.permission", "pk": 43, "fields": {"name": "Can delete tier", "content_type": 11, "codename": "delete_tier"}}, {"model": "auth.permission", "pk": 44, "fields": {"name": "Can view tier", "content_type": 11, "codename": "view_tier"}}, {"model": "auth.permission", "pk": 45, "fields": {"name": "Can add latest updates", "content_type": 12, "codename": "add_latestupdates"}}, {"model": "auth.permission", "pk": 46, "fields": {"name": "Can change latest updates", "content_type": 12, "codename": "change_latestupdates"}}, {"model": "auth.permission", "pk": 47, "fields": {"name": "Can delete latest updates", "content_type": 12, "codename": "delete_latestupdates"}}, {"model": "auth.permission", "pk": 48, "fields": {"name": "Can view latest updates", "content_type": 12, "codename": "view_latestupdates"}}, {"model": "auth.permission", "pk": 49, "fields": {"name": "Can add page", "content_type": 13, "codename": "add_page"}}, {"model": "auth.permission", "pk": 50, "fields": {"name": "Can change page", "content_type": 13, "codename": "change_page"}}, {"model": "auth.permission", "pk": 51, "fields": {"name": "Can delete page", "content_type": 13, "codename": "delete_page"}}, {"model": "auth.permission", "pk": 52, "fields": {"name": "Can view page", "content_type": 13, "codename": "view_page"}}, {"model": "auth.user", "pk": 1, "fields": {"password": "pbkdf2_sha256$1000000$jw7MHiP5wkd7V0NnqOB1dZ$D+/F0Mse3TBZVXN71vxmPZ3pnOpuHEgg0S82nL8e2do=", "last_login": "2025-08-10T14:36:23.623Z", "is_superuser": true, "username": "admin", "first_name": "", "last_name": "", "email": "any@gmail.com", "is_staff": true, "is_active": true, "date_joined": "2025-07-05T16:00:53.232Z", "groups": [], "user_permissions": []}}, {"model": "contenttypes.contenttype", "pk": 1, "fields": {"app_label": "admin", "model": "logentry"}}, {"model": "contenttypes.contenttype", "pk": 2, "fields": {"app_label": "auth", "model": "permission"}}, {"model": "contenttypes.contenttype", "pk": 3, "fields": {"app_label": "auth", "model": "group"}}, {"model": "contenttypes.contenttype", "pk": 4, "fields": {"app_label": "auth", "model": "user"}}, {"model": "contenttypes.contenttype", "pk": 5, "fields": {"app_label": "contenttypes", "model": "contenttype"}}, {"model": "contenttypes.contenttype", "pk": 6, "fields": {"app_label": "sessions", "model": "session"}}, {"model": "contenttypes.contenttype", "pk": 7, "fields": {"app_label": "committees", "model": "committee"}}, {"model": "contenttypes.contenttype", "pk": 8, "fields": {"app_label": "committees", "model": "speaker"}}, {"model": "contenttypes.contenttype", "pk": 9, "fields": {"app_label": "committees", "model": "committeemember"}}, {"model": "contenttypes.contenttype", "pk": 10, "fields": {"app_label": "sponsorship", "model": "sponsordetail"}}, {"model": "contenttypes.contenttype", "pk": 11, "fields": {"app_label": "sponsorship", "model": "tier"}}, {"model": "contenttypes.contenttype", "pk": 12, "fields": {"app_label": "common", "model": "latestupdates"}}, {"model": "contenttypes.contenttype", "pk": 13, "fields": {"app_label": "common", "model": "page"}}, {"model": "sessions.session", "pk": "1poczkzi2sv3yhq69g4jpk3kyxsh9srf", "fields": {"session_data": ".eJxVjMEOwiAQRP-FsyF0KbB69O43kAUWqRpISnsy_rtt0oNmbvPezFt4Wpfi186zn5K4iEGcfrtA8cl1B-lB9d5kbHWZpyB3RR60y1tL_Loe7t9BoV62dQ4xaIiO9QguJ73FMViTlbVojENIBJpgtKxyQoRz5khokfKgGFF8vvEcOBc:1uY5Jz:-OkmSm6Xp8Jcyxwis9Shy6K2FuKy4MCaghbJVbiA2U0", "expire_date": "2025-07-19T16:00:59.286Z"}}, {"model": "sessions.session", "pk": "2w0wbf0kpdzd0v052mysf8fqp222s9n9", "fields": {"session_data": ".eJxVjMEOwiAQRP-FsyF0KbB69O43kAUWqRpISnsy_rtt0oNmbvPezFt4Wpfi186zn5K4iEGcfrtA8cl1B-lB9d5kbHWZpyB3RR60y1tL_Loe7t9BoV62dQ4xaIiO9QguJ73FMViTlbVojENIBJpgtKxyQoRz5khokfKgGFF8vvEcOBc:1uexUx:AfwRVByrkiI0AB9JAL1J27v5m5l7SbnIoictkeb_YiU", "expire_date": "2025-08-07T15:04:43.976Z"}}, {"model": "sessions.session", "pk": "ajq0seiiswfbmeitkr4ndg408ugsh3nj", "fields": {"session_data": ".eJxVjMEOwiAQRP-FsyF0KbB69O43kAUWqRpISnsy_rtt0oNmbvPezFt4Wpfi186zn5K4iEGcfrtA8cl1B-lB9d5kbHWZpyB3RR60y1tL_Loe7t9BoV62dQ4xaIiO9QguJ73FMViTlbVojENIBJpgtKxyQoRz5khokfKgGFF8vvEcOBc:1ul79r:BL7o9dyJz-aNyZeJT6l0u3akSQZkOU7kcYMUeZpESpQ", "expire_date": "2025-08-24T14:36:23.625Z"}}, {"model": "sessions.session", "pk": "dga3ah3lh7uarv6ezbggjartxck9fm1u", "fields": {"session_data": ".eJxVjMEOwiAQRP-FsyF0KbB69O43kAUWqRpISnsy_rtt0oNmbvPezFt4Wpfi186zn5K4iEGcfrtA8cl1B-lB9d5kbHWZpyB3RR60y1tL_Loe7t9BoV62dQ4xaIiO9QguJ73FMViTlbVojENIBJpgtKxyQoRz5khokfKgGFF8vvEcOBc:1uYSkh:cjcFR0mJz2p7DfIX7IMtzcT80rJQS4lzpXWXRXW8PH8", "expire_date": "2025-07-20T17:02:07.490Z"}}, {"model": "sessions.session", "pk": "estgqk40rbytswrhh3nfdb68nuh43gap", "fields": {"session_data": ".eJxVjMEOwiAQRP-FsyF0KbB69O43kAUWqRpISnsy_rtt0oNmbvPezFt4Wpfi186zn5K4iEGcfrtA8cl1B-lB9d5kbHWZpyB3RR60y1tL_Loe7t9BoV62dQ4xaIiO9QguJ73FMViTlbVojENIBJpgtKxyQoRz5khokfKgGFF8vvEcOBc:1uaFd8:7Y9M2Wl-G5uJYvBQ-ut7-VHmBsUElW_8MRy_4etgiXg", "expire_date": "2025-07-25T15:25:42.435Z"}}, {"model": "committees.committee", "pk": 1, "fields": {"name": "patrons", "description": "", "object_status": 1}}, {"model": "committees.committee", "pk": 2, "fields": {"name": "Honorary Chairs", "description": "", "object_status": 1}}, {"model": "committees.committee", "pk": 3, "fields": {"name": "General Chairs", "description": "", "object_status": 1}}, {"model": "committees.committee", "pk": 4, "fields": {"name": "General Co Chairs", "description": "", "object_status": 1}}, {"model": "committees.committee", "pk": 5, "fields": {"name": "Finance Committee Conference Secretaries", "description": "", "object_status": 1}}, {"model": "committees.committee", "pk": 6, "fields": {"name": "Program Chairs", "description": "", "object_status": 1}}, {"model": "committees.committee", "pk": 7, "fields": {"name": "Technical Programme Committee", "description": "", "object_status": 1}}, {"model": "committees.committee", "pk": 8, "fields": {"name": "Information Committee", "description": "", "object_status": 1}}, {"model": "committees.committee", "pk": 9, "fields": {"name": "Publication Committee", "description": "", "object_status": 1}}, {"model": "committees.committee", "pk": 10, "fields": {"name": "Web Master And Technical Coordination Committee", "description": "", "object_status": 1}}, {"model": "committees.committee", "pk": 11, "fields": {"name": "Local Organizing Committee", "description": "", "object_status": 1}}, {"model": "committees.committee", "pk": 12, "fields": {"name": "Volunteers", "description": "", "object_status": 1}}, {"model": "committees.committeemember", "pk": 4, "fields": {"committee": 1, "name": "Shri C. K. Birla", "affiliation": "", "role": "", "image_path": "committee_members/birla_8g8IKKB.webp", "profile_link": "https://en.wikipedia.org/wiki/C._K._Birla", "bio_data": "", "order": 0, "added_on": "2025-07-11T15:17:41.580Z", "added_by": null, "object_status": 1}}, {"model": "committees.committeemember", "pk": 5, "fields": {"committee": 2, "name": "Prof. (Dr.) Ajay K. Sharma", "affiliation": "NIT Delhi", "role": "", "image_path": "committee_members/ajay_t5zxelT.webp", "profile_link": "https://www.linkedin.com/in/ajay-k-sharma-a3437a30/", "bio_data": "", "order": 0, "added_on": "2025-07-11T15:17:41.580Z", "added_by": null, "object_status": 1}}, {"model": "committees.committeemember", "pk": 6, "fields": {"committee": 3, "name": "Anurag Singh", "affiliation": "NIT Delhi", "role": "", "image_path": "committee_members/AnuragSingh_s2ixsoz.webp", "profile_link": "https://www.linkedin.com/in/anurag-singh-67b19719/", "bio_data": "", "order": 0, "added_on": "2025-07-11T15:17:41.580Z", "added_by": null, "object_status": 1}}, {"model": "committees.committeemember", "pk": 7, "fields": {"committee": 4, "name": "Yatheendranath Tarikere", "affiliation": "CEO, DhiiHii Labs Pvt Ltd", "role": "", "image_path": "committee_members/y-n-tharikere_1vTl7rM.webp", "profile_link": "https://www.linkedin.com/in/yathee/", "bio_data": "", "order": 0, "added_on": "2025-07-11T15:17:41.580Z", "added_by": null, "object_status": 1}}, {"model": "committees.committeemember", "pk": 8, "fields": {"committee": 5, "name": "Anmol Ratna Saxena", "affiliation": "NIT Delhi", "role": "", "image_path": "committee_members/Anmol_rzLXPT8.webp", "profile_link": "https://scholar.google.co.in/citations?user:0h4SZIYAAAAJ&hl:en", "bio_data": "", "order": 0, "added_on": "2025-07-11T15:17:41.580Z", "added_by": null, "object_status": 1}}, {"model": "committees.committeemember", "pk": 9, "fields": {"committee": 6, "name": "KK Lai", "affiliation": "Chaoyang University of Technology, Taichung, Taiwan", "role": "", "image_path": "committee_members/kkLai_8o0lqV1.gif", "profile_link": "https://ieeexplore.ieee.org/author/37292495700", "bio_data": "", "order": 0, "added_on": "2025-07-11T15:17:41.580Z", "added_by": null, "object_status": 1}}, {"model": "committees.committeemember", "pk": 10, "fields": {"committee": 7, "name": "M. Devanathan", "affiliation": "IEEE TEMS (Chair)", "role": "", "image_path": "committee_members/deva1_M23yvAX.webp", "profile_link": "https://www.linkedin.com/in/dr-m-devanathan-621a9637/", "bio_data": "", "order": 0, "added_on": "2025-07-11T15:17:41.580Z", "added_by": null, "object_status": 1}}, {"model": "committees.committeemember", "pk": 11, "fields": {"committee": 8, "name": "Rikmantra Basu", "affiliation": "NIT Delhi (Co-Chair)", "role": "", "image_path": "committee_members/rikmantra_Id9SwNB.webp", "profile_link": null, "bio_data": "", "order": 0, "added_on": "2025-07-11T15:17:41.580Z", "added_by": null, "object_status": 1}}, {"model": "committees.committeemember", "pk": 12, "fields": {"committee": 9, "name": "Georgios Konstantinou", "affiliation": "UNSW Australia (Chair)", "role": "", "image_path": "committee_members/georios_qbozUWC.webp", "profile_link": null, "bio_data": "", "order": 0, "added_on": "2025-07-11T15:17:41.580Z", "added_by": null, "object_status": 1}}, {"model": "committees.committeemember", "pk": 13, "fields": {"committee": 10, "name": "Karan Verma", "affiliation": "NIT Delhi (Chair)", "role": "", "image_path": "committee_members/karan_2S3loub.webp", "profile_link": null, "bio_data": "", "order": 0, "added_on": "2025-07-11T15:17:41.580Z", "added_by": null, "object_status": 1}}, {"model": "committees.committeemember", "pk": 14, "fields": {"committee": 11, "name": "Prashant Kumar", "affiliation": "NIT Delhi (Chair)", "role": "", "image_path": "committee_members/prashant_tZCHXm3.webp", "profile_link": null, "bio_data": "", "order": 0, "added_on": "2025-07-11T15:17:41.580Z", "added_by": null, "object_status": 1}}, {"model": "committees.committeemember", "pk": 15, "fields": {"committee": 12, "name": "Parvej Khan", "affiliation": "Student at NIT Delhi", "role": "", "image_path": "committee_members/parvej_m8QAlUY.webp", "profile_link": "https://www.linkedin.com/in/khan-parvej-pk/", "bio_data": "", "order": 0, "added_on": "2025-07-11T15:17:41.580Z", "added_by": null, "object_status": 1}}, {"model": "committees.committeemember", "pk": 16, "fields": {"committee": 2, "name": "Sudeendra Koushik", "affiliation": "President Elect – IEEE TEMS Global", "role": "", "image_path": "committee_members/sudeendra.webp", "profile_link": "https://www.linkedin.com/in/sudeendrakoushik/", "bio_data": "", "order": 0, "added_on": "2025-07-11T15:17:41.580Z", "added_by": null, "object_status": 1}}, {"model": "committees.committeemember", "pk": 17, "fields": {"committee": 3, "name": "Sabrina Gaito", "affiliation": "University of Milan, Italy", "role": "", "image_path": "committee_members/sabrina.webp", "profile_link": "https://scholar.google.com/citations?user:vUmucpoAAAAJ&hl:en", "bio_data": "", "order": 0, "added_on": "2025-07-11T15:17:41.580Z", "added_by": null, "object_status": 1}}, {"model": "committees.committeemember", "pk": 18, "fields": {"committee": 4, "name": "Vinay Singh", "affiliation": "ABV IIITM Gwalior", "role": "", "image_path": "committee_members/vinaySingh.webp", "profile_link": "https://www.linkedin.com/in/dr-vinay-singh-784566a3/", "bio_data": "", "order": 0, "added_on": "2025-07-11T15:17:41.580Z", "added_by": null, "object_status": 1}}, {"model": "committees.committeemember", "pk": 19, "fields": {"committee": 4, "name": "Rahul Goel", "affiliation": "PhD, MTS ML Scientist, PayPal, India", "role": "", "image_path": "committee_members/rahul.webp", "profile_link": "https://www.linkedin.com/in/rahul-goel-a7133b225/", "bio_data": "", "order": 0, "added_on": "2025-07-11T15:17:41.580Z", "added_by": null, "object_status": 1}}, {"model": "committees.committeemember", "pk": 20, "fields": {"committee": 5, "name": "Y N Singh", "affiliation": "IIT Kanpur", "role": "", "image_path": "committee_members/y-n-singh.webp", "profile_link": "https://www.linkedin.com/in/yatindra-nath-singh-a259066/", "bio_data": "", "order": 0, "added_on": "2025-07-11T15:17:41.580Z", "added_by": null, "object_status": 1}}, {"model": "committees.committeemember", "pk": 21, "fields": {"committee": 6, "name": "Kashem Muttaqi", "affiliation": "University of Wollongong, Australia", "role": "", "image_path": "committee_members/kashem.webp", "profile_link": "https://scholars.uow.edu.au/kashem-muttaqi", "bio_data": "", "order": 0, "added_on": "2025-07-11T15:17:41.580Z", "added_by": null, "object_status": 1}}, {"model": "committees.committeemember", "pk": 22, "fields": {"committee": 6, "name": "Hocine Cherifi", "affiliation": "University of Burgundy, France", "role": "", "image_path": "committee_members/hocine.webp", "profile_link": "https://futureearth.org/contacts/hocine-cherifi/", "bio_data": "", "order": 0, "added_on": "2025-07-11T15:17:41.580Z", "added_by": null, "object_status": 1}}, {"model": "committees.committeemember", "pk": 23, "fields": {"committee": 6, "name": "Priyesh Chauhan", "affiliation": "IIITRAM, Ahmedabad", "role": "", "image_path": "committee_members/Priyesh.webp", "profile_link": "https://www.linkedin.com/in/pjchauhan/", "bio_data": "", "order": 0, "added_on": "2025-07-11T15:17:41.580Z", "added_by": null, "object_status": 1}}, {"model": "committees.committeemember", "pk": 24, "fields": {"committee": 6, "name": "Jawar Singh", "affiliation": "IIT Patna", "role": "", "image_path": "committee_members/jawar.webp", "profile_link": "https://www.linkedin.com/in/jawar-singh-25495a17/", "bio_data": "", "order": 0, "added_on": "2025-07-11T15:17:41.580Z", "added_by": null, "object_status": 1}}, {"model": "committees.committeemember", "pk": 25, "fields": {"committee": 6, "name": "Anima Majumder", "affiliation": "TCS Innovation labs, Bangalore", "role": "", "image_path": "committee_members/anima.webp", "profile_link": "https://in.linkedin.com/in/anima-majumder-1082a01a", "bio_data": "", "order": 0, "added_on": "2025-07-11T15:17:41.580Z", "added_by": null, "object_status": 1}}, {"model": "committees.committeemember", "pk": 26, "fields": {"committee": 6, "name": "Chantal Cherifi", "affiliation": "University of Lyon, France", "role": "", "image_path": "committee_members/chantalcherifi.webp", "profile_link": "https://scholar.google.fr/citations?user:4KP81WAAAAAJ&hl:fr", "bio_data": "", "order": 0, "added_on": "2025-07-11T15:17:41.580Z", "added_by": null, "object_status": 1}}, {"model": "committees.committeemember", "pk": 27, "fields": {"committee": 6, "name": "Tarini Baswal", "affiliation": "IRSEE 1987 || Director REMCL || Railway Electrification Head Of RITES", "role": "", "image_path": "committee_members/tarini.webp", "profile_link": "https://www.linkedin.com/in/tarini-baswal-b5250b12a/", "bio_data": "", "order": 0, "added_on": "2025-07-11T15:17:41.580Z", "added_by": null, "object_status": 1}}, {"model": "committees.committeemember", "pk": 28, "fields": {"committee": 6, "name": "Krishna Sirohi", "affiliation": "IIT Delhi", "role": "", "image_path": "committee_members/krishna-sirohi.webp", "profile_link": "https://www.linkedin.com/in/krishnasirohi/?originalSubdomain:in", "bio_data": "", "order": 0, "added_on": "2025-07-11T15:17:41.580Z", "added_by": null, "object_status": 1}}, {"model": "committees.committeemember", "pk": 29, "fields": {"committee": 6, "name": "Swades De", "affiliation": "IIT Delhi", "role": "", "image_path": "committee_members/swades-de.webp", "profile_link": "https://scholar.google.co.in/citations?user:BfVMzzkAAAAJ&hl:en", "bio_data": "", "order": 0, "added_on": "2025-07-11T15:17:41.580Z", "added_by": null, "object_status": 1}}, {"model": "committees.committeemember", "pk": 30, "fields": {"committee": 6, "name": "Aparajita Ojha", "affiliation": "IITDM Jabalpur", "role": "", "image_path": "committee_members/aparajita.webp", "profile_link": "https://www.linkedin.com/in/aparajita-ojha-02078817/?originalSubdomain:in", "bio_data": "", "order": 0, "added_on": "2025-07-11T15:17:41.580Z", "added_by": null, "object_status": 1}}, {"model": "committees.committeemember", "pk": 31, "fields": {"committee": 6, "name": "M N Hoda", "affiliation": "Director, Bharati Vidyapeeth's Institute of Computer Applications and Management (BVICAM)", "role": "", "image_path": "committee_members/mnhoda.webp", "profile_link": "https://www.linkedin.com/in/mn-hoda-0a48b147/", "bio_data": "", "order": 0, "added_on": "2025-07-11T15:17:41.580Z", "added_by": null, "object_status": 1}}, {"model": "committees.committeemember", "pk": 32, "fields": {"committee": 6, "name": "Anima Johari", "affiliation": "Scientist at SERB (Co-Chair)", "role": "", "image_path": "committee_members/anima-johari.webp", "profile_link": "https://serb.gov.in/page/directory", "bio_data": "", "order": 0, "added_on": "2025-07-11T15:17:41.580Z", "added_by": null, "object_status": 1}}, {"model": "committees.committeemember", "pk": 33, "fields": {"committee": 7, "name": "Pushpendra P. Singh", "affiliation": "IIT Ropar (Co-Chair)", "role": "", "image_path": "committee_members/pushp.webp", "profile_link": "https://www.linkedin.com/in/pushpendrapsingh/", "bio_data": "", "order": 0, "added_on": "2025-07-11T15:17:41.580Z", "added_by": null, "object_status": 1}}, {"model": "committees.committeemember", "pk": 34, "fields": {"committee": 7, "name": "Pankaj Mukhija", "affiliation": "NIT Delhi (Co-Chair)", "role": "", "image_path": "committee_members/punkMukhija.webp", "profile_link": "https://scholar.google.co.in/citations?user:dCI1uOQAAAAJ&hl:en", "bio_data": "", "order": 0, "added_on": "2025-07-11T15:17:41.580Z", "added_by": null, "object_status": 1}}, {"model": "committees.committeemember", "pk": 35, "fields": {"committee": 7, "name": "Namita Mittal", "affiliation": "MNIT Jaipur (Co-Chair)", "role": "", "image_path": "committee_members/namita.webp", "profile_link": "https://mnit.ac.in/dept_cse/profile?f'id':TKs:", "bio_data": "", "order": 0, "added_on": "2025-07-11T15:17:41.580Z", "added_by": null, "object_status": 1}}, {"model": "committees.committeemember", "pk": 36, "fields": {"committee": 7, "name": "Bijoy Chand Chatterjee", "affiliation": "SAU, Delhi", "role": "", "image_path": "committee_members/bijoy.webp", "profile_link": "https://sau.int/faculty/bijoy-chand-chatterjee/", "bio_data": "", "order": 0, "added_on": "2025-07-11T15:17:41.580Z", "added_by": null, "object_status": 1}}, {"model": "committees.committeemember", "pk": 37, "fields": {"committee": 7, "name": "Georgios Konstantinou", "affiliation": "UNSW, Australia", "role": "", "image_path": "committee_members/georgios.webp", "profile_link": "https://www.unsw.edu.au/staff/georgios-konstantinou", "bio_data": "", "order": 0, "added_on": "2025-07-11T15:17:41.580Z", "added_by": null, "object_status": 1}}, {"model": "committees.committeemember", "pk": 38, "fields": {"committee": 7, "name": "Anish Mukherjee", "affiliation": "NVIDIA", "role": "", "image_path": "committee_members/anish.webp", "profile_link": "https://www.linkedin.com/in/anish-mukherjee-delft/", "bio_data": "", "order": 0, "added_on": "2025-07-11T15:17:41.580Z", "added_by": null, "object_status": 1}}, {"model": "committees.committeemember", "pk": 39, "fields": {"committee": 7, "name": "Debayan Chakraborty", "affiliation": "Accenture Operations Ai Research and Development Team", "role": "", "image_path": "committee_members/deba.webp", "profile_link": "https://www.linkedin.com/in/debayan-chakraborty-68477a80/", "bio_data": "", "order": 0, "added_on": "2025-07-11T15:17:41.580Z", "added_by": null, "object_status": 1}}, {"model": "committees.committeemember", "pk": 40, "fields": {"committee": 7, "name": "Ajit Singh", "affiliation": "Adobe, Bengaluru", "role": "", "image_path": "committee_members/ajit.webp", "profile_link": "https://www.linkedin.com/in/ajitsingh797/", "bio_data": "", "order": 0, "added_on": "2025-07-11T15:17:41.580Z", "added_by": null, "object_status": 1}}, {"model": "committees.committeemember", "pk": 41, "fields": {"committee": 7, "name": "Vijay Yadav", "affiliation": "Microsoft, Hyderabad", "role": "", "image_path": "committee_members/vijay.webp", "profile_link": "https://www.linkedin.com/in/vijay-yadav-6729b3b9/", "bio_data": "", "order": 0, "added_on": "2025-07-11T15:17:41.580Z", "added_by": null, "object_status": 1}}, {"model": "committees.committeemember", "pk": 42, "fields": {"committee": 7, "name": "Rishav Agrahari", "affiliation": "Atlassian, Bangalore", "role": "", "image_path": "committee_members/rishav.webp", "profile_link": "https://www.linkedin.com/in/rishav-agrahari/", "bio_data": "", "order": 0, "added_on": "2025-07-11T15:17:41.580Z", "added_by": null, "object_status": 1}}, {"model": "committees.committeemember", "pk": 43, "fields": {"committee": 7, "name": "Aakash Kumar", "affiliation": "Park+, Gurugram", "role": "", "image_path": "committee_members/akash.webp", "profile_link": "https://www.linkedin.com/in/aakash-kumar-10945163/", "bio_data": "", "order": 0, "added_on": "2025-07-11T15:17:41.580Z", "added_by": null, "object_status": 1}}, {"model": "committees.committeemember", "pk": 44, "fields": {"committee": 7, "name": "Dipanshu Verma", "affiliation": "Microsoft, Noida", "role": "", "image_path": "committee_members/dipanshu.webp", "profile_link": "https://www.linkedin.com/in/dipanshu-verma-114a70118/", "bio_data": "", "order": 0, "added_on": "2025-07-11T15:17:41.580Z", "added_by": null, "object_status": 1}}, {"model": "committees.committeemember", "pk": 45, "fields": {"committee": 7, "name": "Rishi Meel", "affiliation": "Adobe, Noida", "role": "", "image_path": "committee_members/rishi.webp", "profile_link": "https://in.linkedin.com/in/rishi-meel-8a95a365", "bio_data": "", "order": 0, "added_on": "2025-07-11T15:17:41.580Z", "added_by": null, "object_status": 1}}, {"model": "committees.committeemember", "pk": 46, "fields": {"committee": 7, "name": "Gopal Seth", "affiliation": "Bain & Company, Gurugram", "role": "", "image_path": "committee_members/gopal.webp", "profile_link": "https://in.linkedin.com/in/gopal-seth-25a4a9a7", "bio_data": "", "order": 0, "added_on": "2025-07-11T15:17:41.580Z", "added_by": null, "object_status": 1}}, {"model": "committees.committeemember", "pk": 47, "fields": {"committee": 7, "name": "Rahul Goel", "affiliation": "PhD, MTS ML Scientist, PayPal, India (Co-Chair)", "role": "", "image_path": "committee_members/rahul_WQ5NJVg.webp", "profile_link": "https://www.linkedin.com/in/rahul-goel-a7133b225/", "bio_data": "", "order": 0, "added_on": "2025-07-11T15:17:41.580Z", "added_by": null, "object_status": 1}}, {"model": "committees.committeemember", "pk": 48, "fields": {"committee": 7, "name": "Shivam Bathla", "affiliation": "OISSG Consultancy", "role": "", "image_path": "committee_members/shivambathla.webp", "profile_link": null, "bio_data": "", "order": 0, "added_on": "2025-07-11T15:17:41.580Z", "added_by": null, "object_status": 1}}, {"model": "committees.committeemember", "pk": 49, "fields": {"committee": 7, "name": "Abha Saxena", "affiliation": "Bloomberg LP, New York", "role": "", "image_path": "committee_members/abha.webp", "profile_link": "", "bio_data": "", "order": 0, "added_on": "2025-07-11T15:17:41.580Z", "added_by": null, "object_status": 1}}, {"model": "committees.committeemember", "pk": 50, "fields": {"committee": 7, "name": "Ravi Kant Jain", "affiliation": "CMERI", "role": "", "image_path": "committee_members/raviKant.webp", "profile_link": "https://www.linkedin.com/in/dr-ravi-kant-jain-28985517/", "bio_data": "", "order": 0, "added_on": "2025-07-11T15:17:41.580Z", "added_by": null, "object_status": 1}}, {"model": "committees.committeemember", "pk": 51, "fields": {"committee": 7, "name": "Tharun Reddy", "affiliation": "IIT Roorkee", "role": "", "image_path": "committee_members/tharunKumar.webp", "profile_link": "https://ece.iitr.ac.in/tharun-kumar/", "bio_data": "", "order": 0, "added_on": "2025-07-11T15:17:41.580Z", "added_by": null, "object_status": 1}}, {"model": "committees.committeemember", "pk": 52, "fields": {"committee": 7, "name": "Ekta Singhla", "affiliation": "IIT Ropar", "role": "", "image_path": "committee_members/ekatSinghla.webp", "profile_link": "https://www.iitrpr.ac.in/smmee/ekta", "bio_data": "", "order": 0, "added_on": "2025-07-11T15:17:41.580Z", "added_by": null, "object_status": 1}}, {"model": "committees.committeemember", "pk": 53, "fields": {"committee": 7, "name": "Richa Chaudhary", "affiliation": "IIT Patna", "role": "", "image_path": "committee_members/richa.webp", "profile_link": "https://www.iitp.ac.in/peop-dept-menu/faculty/297:view-profile-94", "bio_data": "", "order": 0, "added_on": "2025-07-11T15:17:41.580Z", "added_by": null, "object_status": 1}}, {"model": "committees.committeemember", "pk": 54, "fields": {"committee": 7, "name": "Sudhir Kumar", "affiliation": "IIT Patna", "role": "", "image_path": "committee_members/sudhir.webp", "profile_link": "https://sites.google.com/site/ksudhiriitk/?pli:1", "bio_data": "", "order": 0, "added_on": "2025-07-11T15:17:41.580Z", "added_by": null, "object_status": 1}}, {"model": "committees.committeemember", "pk": 55, "fields": {"committee": 7, "name": "Anirban Sarkar", "affiliation": "IIT Mandi", "role": "", "image_path": "committee_members/anirban.webp", "profile_link": "https://scee.iitmandi.ac.in/faculty_personal.php?'id':36", "bio_data": "", "order": 0, "added_on": "2025-07-11T15:17:41.580Z", "added_by": null, "object_status": 1}}, {"model": "committees.committeemember", "pk": 56, "fields": {"committee": 7, "name": "Adarsh Patel", "affiliation": "IIT Mandi", "role": "", "image_path": "committee_members/adarsh.webp", "profile_link": "http://faculty.iitmandi.ac.in/~adarsh/", "bio_data": "", "order": 0, "added_on": "2025-07-11T15:17:41.580Z", "added_by": null, "object_status": 1}}, {"model": "committees.committeemember", "pk": 57, "fields": {"committee": 7, "name": "Neeraj Goel", "affiliation": "IIT Ropar", "role": "", "image_path": "committee_members/neeraj.webp", "profile_link": "https://www.iitrpr.ac.in/cse/neeraj", "bio_data": "", "order": 0, "added_on": "2025-07-11T15:17:41.580Z", "added_by": null, "object_status": 1}}, {"model": "committees.committeemember", "pk": 58, "fields": {"committee": 7, "name": "Radhe Shyam Sharma", "affiliation": "IIT Mandi", "role": "", "image_path": "committee_members/radhe.webp", "profile_link": "http://faculty.iitmandi.ac.in/~radheshyam/", "bio_data": "", "order": 0, "added_on": "2025-07-11T15:17:41.580Z", "added_by": null, "object_status": 1}}, {"model": "committees.committeemember", "pk": 59, "fields": {"committee": 7, "name": "Raju Ranjan", "affiliation": "3Frames Software Labs Private Limited", "role": "", "image_path": "committee_members/raju.webp", "profile_link": "https://in.linkedin.com/in/rajuran", "bio_data": "", "order": 0, "added_on": "2025-07-11T15:17:41.580Z", "added_by": null, "object_status": 1}}, {"model": "committees.committeemember", "pk": 60, "fields": {"committee": 7, "name": "Rupesh Kumar", "affiliation": "Yamaha Motors Solution India Pvt. Ltd.", "role": "", "image_path": "committee_members/rupesh.webp", "profile_link": "https://in.linkedin.com/in/rupesh-kumar-b07ba22b", "bio_data": "", "order": 0, "added_on": "2025-07-11T15:17:41.580Z", "added_by": null, "object_status": 1}}, {"model": "committees.committeemember", "pk": 61, "fields": {"committee": 7, "name": "Rekha Raja", "affiliation": "IIT Hyderabad", "role": "", "image_path": "committee_members/Rekha-Raja.webp", "profile_link": "https://iith.ac.in/ai/rekha.raja/", "bio_data": "", "order": 0, "added_on": "2025-07-11T15:17:41.580Z", "added_by": null, "object_status": 1}}, {"model": "committees.committeemember", "pk": 62, "fields": {"committee": 7, "name": "Shailendra Jain", "affiliation": "MANIT Bhopal", "role": "", "image_path": "committee_members/shailendraJain.webp", "profile_link": "https://www.manit.ac.in/content/dr-shailendra-jain", "bio_data": "", "order": 0, "added_on": "2025-07-11T15:17:41.580Z", "added_by": null, "object_status": 1}}, {"model": "committees.committeemember", "pk": 63, "fields": {"committee": 7, "name": "Srinavasa Rao Satti", "affiliation": "NTNU, Norway", "role": "", "image_path": "committee_members/srinivas.webp", "profile_link": "https://www.ntnu.edu/employees/srinivasa.r.satti", "bio_data": "", "order": 0, "added_on": "2025-07-11T15:17:41.580Z", "added_by": null, "object_status": 1}}, {"model": "committees.committeemember", "pk": 64, "fields": {"committee": 7, "name": "Deepak Mishra", "affiliation": "IIST Trivandrum", "role": "", "image_path": "committee_members/deepak.webp", "profile_link": "https://www.iist.ac.in/avionics/deepak.mishra", "bio_data": "", "order": 0, "added_on": "2025-07-11T15:17:41.580Z", "added_by": null, "object_status": 1}}, {"model": "committees.committeemember", "pk": 65, "fields": {"committee": 7, "name": "Arvind Mishra", "affiliation": "Head E-Mobility at AVL India", "role": "", "image_path": "committee_members/arvindMishra.webp", "profile_link": "https://www.linkedin.com/in/arvind-mishra-4319051b/", "bio_data": "", "order": 0, "added_on": "2025-07-11T15:17:41.580Z", "added_by": null, "object_status": 1}}, {"model": "committees.committeemember", "pk": 66, "fields": {"committee": 7, "name": "Surendra Reddy Salkuti", "affiliation": "Woosung University, South Korea", "role": "", "image_path": "committee_members/surender.webp", "profile_link": "https://www.scirp.org/journal/detailedInforofeditorialboard?person'id':11720", "bio_data": "", "order": 0, "added_on": "2025-07-11T15:17:41.580Z", "added_by": null, "object_status": 1}}, {"model": "committees.committeemember", "pk": 67, "fields": {"committee": 7, "name": "Pradyumn Chaturvedi", "affiliation": "VNIT Nagpur", "role": "", "image_path": "committee_members/pradyumn.webp", "profile_link": "https://scholar.google.co.in/citations?user:h_8aslgAAAAJ&hl:en", "bio_data": "", "order": 0, "added_on": "2025-07-11T15:17:41.580Z", "added_by": null, "object_status": 1}}, {"model": "committees.committeemember", "pk": 68, "fields": {"committee": 7, "name": "Shivam Gupta", "affiliation": "NEOMA Business School, Mont-Saint-Aignan, France", "role": "", "image_path": "committee_members/shivam.gif", "profile_link": "https://neoma-bs.com/professors/gupta-shivam-2/", "bio_data": "", "order": 0, "added_on": "2025-07-11T15:17:41.580Z", "added_by": null, "object_status": 1}}, {"model": "committees.committeemember", "pk": 69, "fields": {"committee": 7, "name": "KK Lai", "affiliation": "Chaoyang University of Technology, Taichung, Taiwan", "role": "", "image_path": "committee_members/kkLai_rZ8Z6uw.gif", "profile_link": "", "bio_data": "", "order": 0, "added_on": "2025-07-11T15:17:41.580Z", "added_by": null, "object_status": 1}}, {"model": "committees.committeemember", "pk": 70, "fields": {"committee": 7, "name": "Vimal Kumar", "affiliation": "Chaoyang University of Technology, Taichung, Taiwan", "role": "", "image_path": "committee_members/vimal.webp", "profile_link": "", "bio_data": "", "order": 0, "added_on": "2025-07-11T15:17:41.580Z", "added_by": null, "object_status": 1}}, {"model": "committees.committeemember", "pk": 71, "fields": {"committee": 7, "name": "J K Jha", "affiliation": "Industrial & Systems Engineering, Indian Institute of Technology Kharagpur", "role": "", "image_path": "committee_members/jitendra.webp", "profile_link": "", "bio_data": "", "order": 0, "added_on": "2025-07-11T15:17:41.580Z", "added_by": null, "object_status": 1}}, {"model": "committees.committeemember", "pk": 72, "fields": {"committee": 7, "name": "Vishal Vyas", "affiliation": "ABV-IIITM Gwalior", "role": "", "image_path": "committee_members/vishalVyar.webp", "profile_link": "", "bio_data": "", "order": 0, "added_on": "2025-07-11T15:17:41.580Z", "added_by": null, "object_status": 1}}, {"model": "committees.committeemember", "pk": 73, "fields": {"committee": 7, "name": "Arun Kumar", "affiliation": "ABV-IIITM Gwalior", "role": "", "image_path": "committee_members/arun.webp", "profile_link": "", "bio_data": "", "order": 0, "added_on": "2025-07-11T15:17:41.580Z", "added_by": null, "object_status": 1}}, {"model": "committees.committeemember", "pk": 74, "fields": {"committee": 7, "name": "Mazalov Vladimir", "affiliation": "Institute of Applied Mathematical Research, KarRC RAS, Russia", "role": "", "image_path": "committee_members/mazalov.webp", "profile_link": "", "bio_data": "", "order": 0, "added_on": "2025-07-11T15:17:41.580Z", "added_by": null, "object_status": 1}}, {"model": "committees.committeemember", "pk": 75, "fields": {"committee": 7, "name": "Ashish Tiwari", "affiliation": "Assistant Professor, Computer Science Department, VNIT, Nagpur. India", "role": "", "image_path": "committee_members/ashishTiwari.webp", "profile_link": "", "bio_data": "", "order": 0, "added_on": "2025-07-11T15:17:41.580Z", "added_by": null, "object_status": 1}}, {"model": "committees.committeemember", "pk": 76, "fields": {"committee": 7, "name": "Vinod Kumar Jain", "affiliation": "IIITDM Jabalpur", "role": "", "image_path": "committee_members/vinod.webp", "profile_link": "", "bio_data": "", "order": 0, "added_on": "2025-07-11T15:17:41.580Z", "added_by": null, "object_status": 1}}, {"model": "committees.committeemember", "pk": 77, "fields": {"committee": 7, "name": "Akrati Saxena", "affiliation": "Leiden University, Netherlands", "role": "", "image_path": "committee_members/akriti.webp", "profile_link": "", "bio_data": "", "order": 0, "added_on": "2025-07-11T15:17:41.580Z", "added_by": null, "object_status": 1}}, {"model": "committees.committeemember", "pk": 78, "fields": {"committee": 7, "name": "Prashant Kumar", "affiliation": "NIT Delhi", "role": "", "image_path": "committee_members/prashant_2ktVq3m.webp", "profile_link": "", "bio_data": "", "order": 0, "added_on": "2025-07-11T15:17:41.580Z", "added_by": null, "object_status": 1}}, {"model": "committees.committeemember", "pk": 79, "fields": {"committee": 7, "name": "Indu Joshi", "affiliation": "IIT Mandi", "role": "", "image_path": "committee_members/indu.webp", "profile_link": "", "bio_data": "", "order": 0, "added_on": "2025-07-11T15:17:41.580Z", "added_by": null, "object_status": 1}}, {"model": "committees.committeemember", "pk": 80, "fields": {"committee": 7, "name": "Tony Jacob", "affiliation": "IIT Guwahati", "role": "", "image_path": "committee_members/tony.webp", "profile_link": "", "bio_data": "", "order": 0, "added_on": "2025-07-11T15:17:41.580Z", "added_by": null, "object_status": 1}}, {"model": "committees.committeemember", "pk": 81, "fields": {"committee": 7, "name": "Gaurav Goel", "affiliation": "Parallel Wireless, Pune", "role": "", "image_path": "committee_members/gourav.webp", "profile_link": "", "bio_data": "", "order": 0, "added_on": "2025-07-11T15:17:41.580Z", "added_by": null, "object_status": 1}}, {"model": "committees.committeemember", "pk": 82, "fields": {"committee": 7, "name": "Gyan Singh Yadav", "affiliation": "IIIT Kota", "role": "", "image_path": "committee_members/gyan.webp", "profile_link": "", "bio_data": "", "order": 0, "added_on": "2025-07-11T15:17:41.580Z", "added_by": null, "object_status": 1}}, {"model": "committees.committeemember", "pk": 83, "fields": {"committee": 7, "name": "Ganga Pandey", "affiliation": "Pandit Deendayal Petroleum University, Gandhinagar, Gujarat", "role": "", "image_path": "committee_members/ganga.webp", "profile_link": "", "bio_data": "", "order": 0, "added_on": "2025-07-11T15:17:41.580Z", "added_by": null, "object_status": 1}}, {"model": "committees.committeemember", "pk": 84, "fields": {"committee": 7, "name": "Mrinal Kaushik", "affiliation": "IIT Kharagpur", "role": "", "image_path": "committee_members/mrinal.webp", "profile_link": "", "bio_data": "", "order": 0, "added_on": "2025-07-11T15:17:41.580Z", "added_by": null, "object_status": 1}}, {"model": "committees.committeemember", "pk": 85, "fields": {"committee": 7, "name": "Pradyumn Pandey", "affiliation": "IIT Roorkee", "role": "", "image_path": "committee_members/prdumn.webp", "profile_link": "", "bio_data": "", "order": 0, "added_on": "2025-07-11T15:17:41.580Z", "added_by": null, "object_status": 1}}, {"model": "committees.committeemember", "pk": 86, "fields": {"committee": 7, "name": "Ramesh Kumar Sonkar", "affiliation": "IIT Guwahati", "role": "", "image_path": "committee_members/ramesh.webp", "profile_link": "", "bio_data": "", "order": 0, "added_on": "2025-07-11T15:17:41.580Z", "added_by": null, "object_status": 1}}, {"model": "committees.committeemember", "pk": 87, "fields": {"committee": 7, "name": "Ranveer", "affiliation": "IIT Indore", "role": "", "image_path": "committee_members/ranveer.webp", "profile_link": "", "bio_data": "", "order": 0, "added_on": "2025-07-11T15:17:41.580Z", "added_by": null, "object_status": 1}}, {"model": "committees.committeemember", "pk": 88, "fields": {"committee": 7, "name": "Rituparna Datta", "affiliation": "University of South Alabama, USA", "role": "", "image_path": "committee_members/rituparns.webp", "profile_link": "", "bio_data": "", "order": 0, "added_on": "2025-07-11T15:17:41.580Z", "added_by": null, "object_status": 1}}, {"model": "committees.committeemember", "pk": 89, "fields": {"committee": 7, "name": "Pallavi Athe", "affiliation": "IISER Bhopal", "role": "", "image_path": "committee_members/pallavi.webp", "profile_link": "", "bio_data": "", "order": 0, "added_on": "2025-07-11T15:17:41.580Z", "added_by": null, "object_status": 1}}, {"model": "committees.committeemember", "pk": 90, "fields": {"committee": 7, "name": "Kaushik Das", "affiliation": "Senior Scientist, TCS Research Lab", "role": "", "image_path": "committee_members/kaushik.webp", "profile_link": "", "bio_data": "", "order": 0, "added_on": "2025-07-11T15:17:41.580Z", "added_by": null, "object_status": 1}}, {"model": "committees.committeemember", "pk": 91, "fields": {"committee": 7, "name": "Samrat Dutta", "affiliation": "Scientist, TCS Research Lab", "role": "", "image_path": "committee_members/samrat.webp", "profile_link": "", "bio_data": "", "order": 0, "added_on": "2025-07-11T15:17:41.580Z", "added_by": null, "object_status": 1}}, {"model": "committees.committeemember", "pk": 92, "fields": {"committee": 7, "name": "Vijay K Dutt", "affiliation": "Indian Railways", "role": "", "image_path": "committee_members/vkdutt.webp", "profile_link": "https://vtsociety.org/contact/vijay-k-dutt", "bio_data": "", "order": 0, "added_on": "2025-07-11T15:17:41.580Z", "added_by": null, "object_status": 1}}, {"model": "committees.committeemember", "pk": 93, "fields": {"committee": 7, "name": "Rajiv Srivastava", "affiliation": "Indian Institute of Technology, Kanpur, India", "role": "", "image_path": "committee_members/rajiv.webp", "profile_link": "https://www.mecs-press.org/authors/112686.html", "bio_data": "", "order": 0, "added_on": "2025-07-11T15:17:41.580Z", "added_by": null, "object_status": 1}}, {"model": "committees.committeemember", "pk": 94, "fields": {"committee": 7, "name": "Neeraj Kumar Pandey", "affiliation": "R&D Manager at synopsys Bangalore", "role": "", "image_path": "committee_members/neerajkumar.webp", "profile_link": "https://www.linkedin.com/in/neeraj-kumar-pandey-1b630536/?trk:public_profile_samename-profile&originalSubdomain:in", "bio_data": "", "order": 0, "added_on": "2025-07-11T15:17:41.580Z", "added_by": null, "object_status": 1}}, {"model": "committees.committeemember", "pk": 95, "fields": {"committee": 7, "name": "Anupam Gupta", "affiliation": "Chief Technology Officer at BlockApps AI", "role": "", "image_path": "committee_members/anupam.webp", "profile_link": "https://www.linkedin.com/in/mapunag/?originalSubdomain:in", "bio_data": "", "order": 0, "added_on": "2025-07-11T15:17:41.580Z", "added_by": null, "object_status": 1}}, {"model": "committees.committeemember", "pk": 96, "fields": {"committee": 7, "name": "Sachin Singh Gautam", "affiliation": "Associate Professor at Indian Institute of Technology, Guwahati", "role": "", "image_path": "committee_members/sachinGautam.webp", "profile_link": "https://www.linkedin.com/in/sachin-singh-gautam-631a549/", "bio_data": "", "order": 0, "added_on": "2025-07-11T15:17:41.580Z", "added_by": null, "object_status": 1}}, {"model": "committees.committeemember", "pk": 97, "fields": {"committee": 7, "name": "V Sateeshkrishna Dhuli", "affiliation": "Norwegian University of Science and Technology", "role": "", "image_path": "committee_members/vsateesh.webp", "profile_link": "https://www.linkedin.com/in/v-sateeshkrishna-dhuli-b9aa1456/", "bio_data": "", "order": 0, "added_on": "2025-07-11T15:17:41.580Z", "added_by": null, "object_status": 1}}, {"model": "committees.committeemember", "pk": 98, "fields": {"committee": 7, "name": "Satyam Agarwal", "affiliation": "Assistant Professor,Department of Electrical Engineering, IIT Ropar", "role": "", "image_path": "committee_members/satyamIITRopar.webp", "profile_link": "https://sites.google.com/iitrpr.ac.in/satyam", "bio_data": "", "order": 0, "added_on": "2025-07-11T15:17:41.580Z", "added_by": null, "object_status": 1}}, {"model": "committees.committeemember", "pk": 99, "fields": {"committee": 7, "name": "Aparajita Ojha", "affiliation": "Professor, IIITDMJ", "role": "", "image_path": "committee_members/aojha.webp", "profile_link": "https://cse.iiitdmj.ac.in/faculty_page.php?'id':aojha@iiitdmj.ac.in", "bio_data": "", "order": 0, "added_on": "2025-07-11T15:17:41.580Z", "added_by": null, "object_status": 1}}, {"model": "committees.committeemember", "pk": 100, "fields": {"committee": 7, "name": "Preeti Khanna", "affiliation": "Associate Professor, School of Business Management, SVKM’s NMIMS, Mumbai", "role": "", "image_path": "committee_members/preeti.webp", "profile_link": "https://sbm.nmims.edu/faculty-preeti-khanna", "bio_data": "", "order": 0, "added_on": "2025-07-11T15:17:41.580Z", "added_by": null, "object_status": 1}}, {"model": "committees.committeemember", "pk": 101, "fields": {"committee": 7, "name": "Pritee Khanna", "affiliation": "Professor, Computer Science and Engineering, PDPM IIITDM Jabalpur", "role": "", "image_path": "committee_members/pkhanna.webp", "profile_link": "http://cse.iiitdmj.ac.in/faculty_page.php?'id':pkhanna@iiitdmj.ac.in", "bio_data": "", "order": 0, "added_on": "2025-07-11T15:17:41.580Z", "added_by": null, "object_status": 1}}, {"model": "committees.committeemember", "pk": 102, "fields": {"committee": 7, "name": "Ganesh C. Patil", "affiliation": "Associate Professor at Visvesvaraya National Institute of Technology", "role": "", "image_path": "committee_members/ganPatil.webp", "profile_link": "https://www.linkedin.com/in/ganesh-c-patil-79b6306/?originalSubdomain:in", "bio_data": "", "order": 0, "added_on": "2025-07-11T15:17:41.580Z", "added_by": null, "object_status": 1}}, {"model": "committees.committeemember", "pk": 103, "fields": {"committee": 7, "name": "Prasanna Kumar Misra", "affiliation": "Assistant Professor at Indian Institute Of Information Technology", "role": "", "image_path": "committee_members/prasanna.gif", "profile_link": "https://www.linkedin.com/in/prasanna-kumar-misra-1b3119169/?originalSubdomain:in", "bio_data": "", "order": 0, "added_on": "2025-07-11T15:17:41.580Z", "added_by": null, "object_status": 1}}, {"model": "committees.committeemember", "pk": 104, "fields": {"committee": 7, "name": "Joydeep Chandra", "affiliation": "IIT Patna", "role": "", "image_path": "committee_members/joydeep.webp", "profile_link": "https://scholar.google.co.in/citations?user:42t8V90AAAAJ&hl:en", "bio_data": "", "order": 0, "added_on": "2025-07-11T15:17:41.580Z", "added_by": null, "object_status": 1}}, {"model": "committees.committeemember", "pk": 105, "fields": {"committee": 7, "name": "Sourav Kumar Dandapat", "affiliation": "Assistant Professor, IIT Patna", "role": "", "image_path": "committee_members/sauravdandapat.webp", "profile_link": "https://www.linkedin.com/in/sourav-dandapat-7394367/", "bio_data": "", "order": 0, "added_on": "2025-07-11T15:17:41.580Z", "added_by": null, "object_status": 1}}, {"model": "committees.committeemember", "pk": 106, "fields": {"committee": 7, "name": "Chandrakala Meena", "affiliation": "IISER TVM", "role": "", "image_path": "committee_members/meena.webp", "profile_link": "https://scholar.google.com/citations?user:pioHBPwAAAAJ&hl:en", "bio_data": "", "order": 0, "added_on": "2025-07-11T15:17:41.580Z", "added_by": null, "object_status": 1}}, {"model": "committees.committeemember", "pk": 107, "fields": {"committee": 7, "name": "Kamlesh Tiwari", "affiliation": "BITS Pilani", "role": "", "image_path": "committee_members/kamlesh.webp", "profile_link": "https://scholar.google.co.in/citations?user:BtURBxsAAAAJ&hl:en", "bio_data": "", "order": 0, "added_on": "2025-07-11T15:17:41.580Z", "added_by": null, "object_status": 1}}, {"model": "committees.committeemember", "pk": 108, "fields": {"committee": 7, "name": "R K Agrawal", "affiliation": "JNU Delhi", "role": "", "image_path": "committee_members/rka.webp", "profile_link": "https://scholar.google.com/citations?user:w3HUzy-W9GYC&hl:en", "bio_data": "", "order": 0, "added_on": "2025-07-11T15:17:41.580Z", "added_by": null, "object_status": 1}}, {"model": "committees.committeemember", "pk": 109, "fields": {"committee": 7, "name": "Ajay Kumar Shukla", "affiliation": "IIT Madras", "role": "", "image_path": "committee_members/ajay-shukla.webp", "profile_link": "https://scholar.google.co.in/citations?user:PJVmoFQAAAAJ&hl:en", "bio_data": "", "order": 0, "added_on": "2025-07-11T15:17:41.580Z", "added_by": null, "object_status": 1}}, {"model": "committees.committeemember", "pk": 110, "fields": {"committee": 7, "name": "Amit Ujlayan", "affiliation": "GBU", "role": "", "image_path": "committee_members/amit-ujlayan.webp", "profile_link": "https://scholar.google.co.in/citations?user:cvs6bnIAAAAJ&hl:en", "bio_data": "", "order": 0, "added_on": "2025-07-11T15:17:41.580Z", "added_by": null, "object_status": 1}}, {"model": "committees.committeemember", "pk": 111, "fields": {"committee": 7, "name": "Sudhanshu Choudhary", "affiliation": "NIT Kurukshetra", "role": "", "image_path": "committee_members/sudhanshu.webp", "profile_link": "https://scholar.google.co.in/citations?user:nNdedcQAAAAJ&hl:en", "bio_data": "", "order": 0, "added_on": "2025-07-11T15:17:41.580Z", "added_by": null, "object_status": 1}}, {"model": "committees.committeemember", "pk": 112, "fields": {"committee": 7, "name": "Mamilla Ravi Sankar", "affiliation": "IIT Tirupati", "role": "", "image_path": "committee_members/mamilla.webp", "profile_link": "https://scholar.google.co.in/citations?user:svmuyEQAAAAJ&hl:en", "bio_data": "", "order": 0, "added_on": "2025-07-11T15:17:41.580Z", "added_by": null, "object_status": 1}}, {"model": "committees.committeemember", "pk": 113, "fields": {"committee": 7, "name": "Amulya Sai Boppana", "affiliation": "BCBS, Alabama", "role": "", "image_path": "committee_members/amulyasai.webp", "profile_link": null, "bio_data": "", "order": 0, "added_on": "2025-07-11T15:17:41.580Z", "added_by": null, "object_status": 1}}, {"model": "committees.committeemember", "pk": 114, "fields": {"committee": 7, "name": "Anurag Mangal Giri", "affiliation": "Salesforce", "role": "", "image_path": "committee_members/anurag-magal-giri.webp", "profile_link": "https://www.linkedin.com/in/anurag-giri/", "bio_data": "", "order": 0, "added_on": "2025-07-11T15:17:41.580Z", "added_by": null, "object_status": 1}}, {"model": "committees.committeemember", "pk": 115, "fields": {"committee": 7, "name": "Udai Pratap Rao", "affiliation": "Associate Professor at NIT Patna", "role": "", "image_path": "committee_members/udai.webp", "profile_link": "https://scholar.google.com/citations?hl:en&user:YQmUD20AAAAJ", "bio_data": "", "order": 0, "added_on": "2025-07-11T15:17:41.580Z", "added_by": null, "object_status": 1}}, {"model": "committees.committeemember", "pk": 116, "fields": {"committee": 7, "name": "Waquar Ahmad", "affiliation": "Assistant Professor at NIT Calicut", "role": "", "image_path": "committee_members/waqar.webp", "profile_link": "https://nitc.ac.in/department/electronics-amp-communication-engineering/faculty-and-staff/faculty/ef54048c-5202-4aa4-99bb-ac3c07f33c17", "bio_data": "", "order": 0, "added_on": "2025-07-11T15:17:41.580Z", "added_by": null, "object_status": 1}}, {"model": "committees.committeemember", "pk": 117, "fields": {"committee": 7, "name": "Mohd Shariq", "affiliation": "Associate Professor at Aligarh Muslim University (AMU)", "role": "", "image_path": "committee_members/shariq.webp", "profile_link": "https://www.amu.ac.in/faculty/civil-engineering/mohd-shariq-1", "bio_data": "", "order": 0, "added_on": "2025-07-11T15:17:41.580Z", "added_by": null, "object_status": 1}}, {"model": "committees.committeemember", "pk": 118, "fields": {"committee": 7, "name": "Dr. Chandra Prakash", "affiliation": "Assistant Professor, SVNIT Surat", "role": "", "image_path": "committee_members/chandra-prakash.webp", "profile_link": "https://scholar.google.co.in/citations?user:9h6pX3sAAAAJ&hl:en", "bio_data": "", "order": 0, "added_on": "2025-07-11T15:17:41.580Z", "added_by": null, "object_status": 1}}, {"model": "committees.committeemember", "pk": 119, "fields": {"committee": 8, "name": "Mohd Muneer Arif", "affiliation": "Atlassian, Delhi (Co-Chair)", "role": "", "image_path": "committee_members/muneer.webp", "profile_link": null, "bio_data": "", "order": 0, "added_on": "2025-07-11T15:17:41.580Z", "added_by": null, "object_status": 1}}, {"model": "committees.committeemember", "pk": 120, "fields": {"committee": 8, "name": "Abha Saxena", "affiliation": "Bloomberg LP, New York", "role": "", "image_path": "committee_members/abha_S0qfRoh.webp", "profile_link": null, "bio_data": "", "order": 0, "added_on": "2025-07-11T15:17:41.580Z", "added_by": null, "object_status": 1}}, {"model": "committees.committeemember", "pk": 121, "fields": {"committee": 8, "name": "Rituparna Datta", "affiliation": "University of South Alabama, USA", "role": "", "image_path": "committee_members/rituparns_FisNmwg.webp", "profile_link": null, "bio_data": "", "order": 0, "added_on": "2025-07-11T15:17:41.580Z", "added_by": null, "object_status": 1}}, {"model": "committees.committeemember", "pk": 122, "fields": {"committee": 8, "name": "Manish Verma", "affiliation": "NIT Delhi", "role": "", "image_path": "committee_members/manish.webp", "profile_link": null, "bio_data": "", "order": 0, "added_on": "2025-07-11T15:17:41.580Z", "added_by": null, "object_status": 1}}, {"model": "committees.committeemember", "pk": 123, "fields": {"committee": 8, "name": "Amandeep Kaur", "affiliation": "NIT Delhi", "role": "", "image_path": "committee_members/amandeep.webp", "profile_link": null, "bio_data": "", "order": 0, "added_on": "2025-07-11T15:17:41.580Z", "added_by": null, "object_status": 1}}, {"model": "committees.committeemember", "pk": 124, "fields": {"committee": 8, "name": "Dannish S.", "affiliation": "Technical Coordinator TEMS/IEEE Delhi Section, Sr. Manager (marketing & salès) Max Health Care", "role": "", "image_path": "committee_members/dannish.webp", "profile_link": "https://www.linkedin.com/in/dannish-s-871672128/?originalSubdomain:in", "bio_data": "", "order": 0, "added_on": "2025-07-11T15:17:41.580Z", "added_by": null, "object_status": 1}}, {"model": "committees.committeemember", "pk": 125, "fields": {"committee": 8, "name": "Amulya Sai Boppana", "affiliation": "BCBS, Alabama", "role": "", "image_path": "committee_members/amulyasai_IMi2slQ.webp", "profile_link": null, "bio_data": "", "order": 0, "added_on": "2025-07-11T15:17:41.580Z", "added_by": null, "object_status": 1}}, {"model": "committees.committeemember", "pk": 126, "fields": {"committee": 8, "name": "Subhash Yadav", "affiliation": "NIT Delhi (Co-Chair)", "role": "", "image_path": "committee_members/subhash-yadav.webp", "profile_link": "https://www.linkedin.com/in/subhash-yadav-a492b4339", "bio_data": "", "order": 0, "added_on": "2025-07-11T15:17:41.580Z", "added_by": null, "object_status": 1}}, {"model": "committees.committeemember", "pk": 127, "fields": {"committee": 9, "name": "Gautam Kumar", "affiliation": "NIT Delhi (Co-Chair)", "role": "", "image_path": "committee_members/goutam.webp", "profile_link": null, "bio_data": "", "order": 0, "added_on": "2025-07-11T15:17:41.580Z", "added_by": null, "object_status": 1}}, {"model": "committees.committeemember", "pk": 128, "fields": {"committee": 9, "name": "Mahesh K Singh", "affiliation": "NIT Delhi (Co-Chair)", "role": "", "image_path": "committee_members/mahesh.webp", "profile_link": null, "bio_data": "", "order": 0, "added_on": "2025-07-11T15:17:41.580Z", "added_by": null, "object_status": 1}}, {"model": "committees.committeemember", "pk": 129, "fields": {"committee": 9, "name": "Pradyumn Chaturvedi", "affiliation": "VNIT Nagpur", "role": "", "image_path": "committee_members/pradyumn_I8eJ0pn.webp", "profile_link": null, "bio_data": "", "order": 0, "added_on": "2025-07-11T15:17:41.580Z", "added_by": null, "object_status": 1}}, {"model": "committees.committeemember", "pk": 130, "fields": {"committee": 9, "name": "Vinod Kurmi", "affiliation": "IISER Bhopal", "role": "", "image_path": "committee_members/vinod_QyXsFbz.webp", "profile_link": null, "bio_data": "", "order": 0, "added_on": "2025-07-11T15:17:41.580Z", "added_by": null, "object_status": 1}}, {"model": "committees.committeemember", "pk": 131, "fields": {"committee": 9, "name": "Rajesh Bhatt", "affiliation": "IIT Kanpur", "role": "", "image_path": "committee_members/rajesh.webp", "profile_link": null, "bio_data": "", "order": 0, "added_on": "2025-07-11T15:17:41.580Z", "added_by": null, "object_status": 1}}, {"model": "committees.committeemember", "pk": 132, "fields": {"committee": 10, "name": "Gautam Kumar", "affiliation": "NIT Delhi (Co-Chair)", "role": "", "image_path": "committee_members/goutam_LZcjE9b.webp", "profile_link": null, "bio_data": "", "order": 0, "added_on": "2025-07-11T15:17:41.580Z", "added_by": null, "object_status": 1}}, {"model": "committees.committeemember", "pk": 133, "fields": {"committee": 10, "name": "Niran N.", "affiliation": "Volunteer, IEEE TEMS", "role": "", "image_path": "committee_members/niran.webp", "profile_link": null, "bio_data": "", "order": 0, "added_on": "2025-07-11T15:17:41.580Z", "added_by": null, "object_status": 1}}, {"model": "committees.committeemember", "pk": 134, "fields": {"committee": 10, "name": "Suman Sharma", "affiliation": "Technical Assistant, NIT Delhi", "role": "", "image_path": "committee_members/suman.webp", "profile_link": "https://www.linkedin.com/in/suman-attri-7b592a363", "bio_data": "", "order": 0, "added_on": "2025-07-11T15:17:41.580Z", "added_by": null, "object_status": 1}}, {"model": "committees.committeemember", "pk": 135, "fields": {"committee": 10, "name": "Manish Malik", "affiliation": "Technical Assistant", "role": "", "image_path": "committee_members/manish_PkpJW5i.webp", "profile_link": null, "bio_data": "", "order": 0, "added_on": "2025-07-11T15:17:41.580Z", "added_by": null, "object_status": 1}}, {"model": "committees.committeemember", "pk": 136, "fields": {"committee": 11, "name": "Bijoy Chand Chatterjee", "affiliation": "SAU, Delhi (Co-Chair)", "role": "", "image_path": "committee_members/bijoy_7O0QvQ1.webp", "profile_link": null, "bio_data": "", "order": 0, "added_on": "2025-07-11T15:17:41.580Z", "added_by": null, "object_status": 1}}, {"model": "committees.committeemember", "pk": 137, "fields": {"committee": 11, "name": "Preeti Singh", "affiliation": "Bhagwan Parshuram Institute of Technology, Delhi (co-chair)", "role": "", "image_path": "committee_members/preeti_2I1PSot.webp", "profile_link": null, "bio_data": "", "order": 0, "added_on": "2025-07-11T15:17:41.580Z", "added_by": null, "object_status": 1}}, {"model": "committees.committeemember", "pk": 138, "fields": {"committee": 11, "name": "Karan Verma", "affiliation": "NIT Delhi", "role": "", "image_path": "committee_members/karan_e4zuU1H.webp", "profile_link": null, "bio_data": "", "order": 0, "added_on": "2025-07-11T15:17:41.580Z", "added_by": null, "object_status": 1}}, {"model": "committees.committeemember", "pk": 139, "fields": {"committee": 11, "name": "Gautam Kumar", "affiliation": "NIT Delhi", "role": "", "image_path": "committee_members/goutam_H1EXjPF.webp", "profile_link": null, "bio_data": "", "order": 0, "added_on": "2025-07-11T15:17:41.580Z", "added_by": null, "object_status": 1}}, {"model": "committees.committeemember", "pk": 140, "fields": {"committee": 11, "name": "Mahesh K. Singh", "affiliation": "NIT Delhi", "role": "", "image_path": "committee_members/mahesh_wlkCK1x.webp", "profile_link": null, "bio_data": "", "order": 0, "added_on": "2025-07-11T15:17:41.580Z", "added_by": null, "object_status": 1}}, {"model": "committees.committeemember", "pk": 141, "fields": {"committee": 11, "name": "Kapil Sharma", "affiliation": "DTU, Delhi", "role": "", "image_path": "committee_members/kapil_sharma.webp", "profile_link": null, "bio_data": "", "order": 0, "added_on": "2025-07-11T15:17:41.580Z", "added_by": null, "object_status": 1}}, {"model": "committees.committeemember", "pk": 142, "fields": {"committee": 11, "name": "Anjanee Kumar Mishra", "affiliation": "NSUT, Delhi", "role": "", "image_path": "committee_members/anjanee.webp", "profile_link": null, "bio_data": "", "order": 0, "added_on": "2025-07-11T15:17:41.580Z", "added_by": null, "object_status": 1}}, {"model": "committees.committeemember", "pk": 143, "fields": {"committee": 11, "name": "Mohd Muneer Arif", "affiliation": "Atlassian, Delhi", "role": "", "image_path": "committee_members/muneer_2ywVLxU.webp", "profile_link": null, "bio_data": "", "order": 0, "added_on": "2025-07-11T15:17:41.580Z", "added_by": null, "object_status": 1}}, {"model": "committees.committeemember", "pk": 144, "fields": {"committee": 11, "name": "Tanvir Ahmad", "affiliation": "Jamia Millia Islamia, Delhi", "role": "", "image_path": "committee_members/tanvir.webp", "profile_link": null, "bio_data": "", "order": 0, "added_on": "2025-07-11T15:17:41.580Z", "added_by": null, "object_status": 1}}, {"model": "committees.committeemember", "pk": 145, "fields": {"committee": 11, "name": "Tarun Kumar Rawat", "affiliation": "NSUT, Delhi", "role": "", "image_path": "committee_members/tarun.webp", "profile_link": null, "bio_data": "", "order": 0, "added_on": "2025-07-11T15:17:41.580Z", "added_by": null, "object_status": 1}}, {"model": "committees.committeemember", "pk": 146, "fields": {"committee": 11, "name": "Sachin Singh", "affiliation": "NIT Delhi", "role": "", "image_path": "committee_members/sachin.webp", "profile_link": null, "bio_data": "", "order": 0, "added_on": "2025-07-11T15:17:41.580Z", "added_by": null, "object_status": 1}}, {"model": "committees.committeemember", "pk": 147, "fields": {"committee": 11, "name": "A P Singh", "affiliation": "NIT Delhi", "role": "", "image_path": "committee_members/apsingh.webp", "profile_link": null, "bio_data": "", "order": 0, "added_on": "2025-07-11T15:17:41.580Z", "added_by": null, "object_status": 1}}, {"model": "committees.committeemember", "pk": 148, "fields": {"committee": 11, "name": "Vijay K Dutt", "affiliation": "Indian Railways", "role": "", "image_path": "committee_members/vkdutt_lp29nuV.webp", "profile_link": "https://vtsociety.org/contact/vijay-k-dutt", "bio_data": "", "order": 0, "added_on": "2025-07-11T15:17:41.580Z", "added_by": null, "object_status": 1}}, {"model": "committees.committeemember", "pk": 149, "fields": {"committee": 11, "name": "Praveen Bansal", "affiliation": "MITS Gwalior", "role": "", "image_path": "committee_members/praveen.webp", "profile_link": null, "bio_data": "", "order": 0, "added_on": "2025-07-11T15:17:41.580Z", "added_by": null, "object_status": 1}}, {"model": "committees.committeemember", "pk": 150, "fields": {"committee": 11, "name": "S S Tyagi", "affiliation": "IITM Nodia", "role": "", "image_path": "committee_members/sstyagi.webp", "profile_link": "https://scholar.google.com/citations?user:VFo9SdoAAAAJ&hl:en", "bio_data": "", "order": 0, "added_on": "2025-07-11T15:17:41.580Z", "added_by": null, "object_status": 1}}, {"model": "committees.committeemember", "pk": 151, "fields": {"committee": 12, "name": "Ashish Kumar", "affiliation": "Student at NIT Delhi", "role": "", "image_path": "committee_members/ashish.webp", "profile_link": "https://www.linkedin.com/in/ashish-kumar123/", "bio_data": "", "order": 0, "added_on": "2025-07-11T15:17:41.580Z", "added_by": null, "object_status": 1}}, {"model": "committees.committeemember", "pk": 152, "fields": {"committee": 12, "name": "Sriharsutan G", "affiliation": "Student at NIT Delhi", "role": "", "image_path": "committee_members/harsutan.webp", "profile_link": "https://www.linkedin.com/in/sriharsutan-gollapalli-180515246/", "bio_data": "", "order": 0, "added_on": "2025-07-11T15:17:41.580Z", "added_by": null, "object_status": 1}}, {"model": "committees.committeemember", "pk": 153, "fields": {"committee": 12, "name": "Dhruv Tyagi", "affiliation": "Student at NIT Delhi", "role": "", "image_path": "committee_members/dhruv.webp", "profile_link": "https://www.linkedin.com/in/dhruv-tyagi-58a9aa22a/", "bio_data": "", "order": 0, "added_on": "2025-07-11T15:17:41.580Z", "added_by": null, "object_status": 1}}, {"model": "committees.committeemember", "pk": 154, "fields": {"committee": 12, "name": "Pradneya Prabhudesai", "affiliation": "Student at NIT Delhi", "role": "", "image_path": "committee_members/pradneya.webp", "profile_link": "https://www.linkedin.com/in/pradneya-prabhudesai-422956256/", "bio_data": "", "order": 0, "added_on": "2025-07-11T15:17:41.580Z", "added_by": null, "object_status": 1}}, {"model": "committees.committeemember", "pk": 155, "fields": {"committee": 12, "name": "Ankur kumar Singhal", "affiliation": "Research Scholar at NIT Delhi", "role": "", "image_path": "committee_members/ankur.webp", "profile_link": "https://www.linkedin.com/in/singhal-ank", "bio_data": "", "order": 0, "added_on": "2025-07-11T15:17:41.580Z", "added_by": null, "object_status": 1}}, {"model": "committees.committeemember", "pk": 156, "fields": {"committee": 12, "name": "Govinda Mandal", "affiliation": "Student at NIT Delhi", "role": "", "image_path": "committee_members/govinda.webp", "profile_link": "https://www.linkedin.com/in/govinda-mandal/", "bio_data": "", "order": 0, "added_on": "2025-07-11T15:17:41.580Z", "added_by": null, "object_status": 1}}, {"model": "committees.committeemember", "pk": 157, "fields": {"committee": 12, "name": "Shivank", "affiliation": "Research Scholar at NIT Delhi", "role": "", "image_path": "committee_members/shivank.webp", "profile_link": "", "bio_data": "", "order": 0, "added_on": "2025-07-11T15:17:41.580Z", "added_by": null, "object_status": 1}}, {"model": "committees.committeemember", "pk": 158, "fields": {"committee": 12, "name": "Arun", "affiliation": "Student at NIT Delhi", "role": "", "image_path": "committee_members/arun_vv0uoOI.webp", "profile_link": "", "bio_data": "", "order": 0, "added_on": "2025-07-11T15:17:41.580Z", "added_by": null, "object_status": 1}}, {"model": "committees.speaker", "pk": 1, "fields": {"name": "K Rajalakshmi Menon", "affiliation": "Director General(Aeronautical Systems) DRDO", "role": "", "bio_data": "", "image_path": "drmenon.webp", "profile_link": "https://waves2024.pmikerala.org/speaker/dr-k-rajalakshmi-menon/", "order": 99, "added_on": "2025-07-10T11:27:16.630Z", "added_by": null, "object_status": 1}}, {"model": "committees.speaker", "pk": 2, "fields": {"name": "HARI BABU SRIVASTAVA", "affiliation": "Professor Of Practice, SeNSE, IIT Delhi", "role": "", "bio_data": "", "image_path": "hbSrivastava.jpg", "profile_link": "https://www.linkedin.com/in/hari-babu-srivastava-13896759/?originalSubdomain=in", "order": 99, "added_on": "2025-07-10T11:27:16.648Z", "added_by": null, "object_status": 1}}, {"model": "committees.speaker", "pk": 3, "fields": {"name": "George Koilpillai", "affiliation": "Aerospace Honeywell Technology Solutions Lab", "role": "", "bio_data": "", "image_path": "george.webp", "profile_link": "https://ieeexplore.ieee.org/author/37088643251", "order": 99, "added_on": "2025-07-10T11:27:16.699Z", "added_by": null, "object_status": 1}}, {"model": "committees.speaker", "pk": 4, "fields": {"name": "Sachin Sinha", "affiliation": "Director, Technology Strategy, Microsoft", "role": "", "bio_data": "", "image_path": "sachinsinha.webp", "profile_link": "https://www.linkedin.com/in/sachinsinha/", "order": 99, "added_on": "2025-07-10T11:27:16.712Z", "added_by": null, "object_status": 1}}, {"model": "committees.speaker", "pk": 5, "fields": {"name": "Mayank Sawhney", "affiliation": "Senior Engineering Manager, Atlassian", "role": "", "bio_data": "", "image_path": "mayank.webp", "profile_link": "https://www.linkedin.com/in/mayanksawhney/?originalSubdomain=in", "order": 99, "added_on": "2025-07-10T11:27:16.749Z", "added_by": null, "object_status": 1}}, {"model": "committees.speaker", "pk": 6, "fields": {"name": "Sandip Patil", "affiliation": "Entrepreneur E-Spin Nanotech", "role": "", "bio_data": "", "image_path": "sandip.jpeg", "profile_link": "https://www.linkedin.com/in/dr-sandip-patil-87863814/?originalSubdomain=in", "order": 99, "added_on": "2025-07-10T11:27:16.761Z", "added_by": null, "object_status": 1}}, {"model": "committees.speaker", "pk": 7, "fields": {"name": "Andrea Tagarelli", "affiliation": "Associate Professor, University of Calabria. Agenda: Minds, Morals, and Mimicry: Probing Language Models’ Human-Like Affective Abilities", "role": "", "bio_data": "", "image_path": "andrea.jpeg", "profile_link": "https://www.linkedin.com/in/andrea-tagarelli/?locale=en_US", "order": 99, "added_on": "2025-07-10T11:27:16.800Z", "added_by": null, "object_status": 1}}, {"model": "committees.speaker", "pk": 8, "fields": {"name": "Andy Chen", "affiliation": "Founding General Partner, REDDS Capital", "role": "", "bio_data": "", "image_path": "andy_chen.webp", "profile_link": "https://www.linkedin.com/in/chenatl/", "order": 99, "added_on": "2025-07-10T11:27:16.846Z", "added_by": null, "object_status": 1}}, {"model": "committees.speaker", "pk": 9, "fields": {"name": "Steve Tockey", "affiliation": "Principal Consultant at Construx Software", "role": "", "bio_data": "", "image_path": "steve.webp", "profile_link": "https://www.linkedin.com/in/steve-tockey-2a595/", "order": 99, "added_on": "2025-07-10T11:27:16.887Z", "added_by": null, "object_status": 1}}, {"model": "sponsorship.tier", "pk": 3, "fields": {"sponsor_tier": "Platinum", "cost_inr": "Rs. 8 Lakhs", "exhibition_space": "2 spaces (5x5 sqm)", "stage_recognition": "Platinum sponsor on stage backdrop", "promotional_coverage": "Featured on all promotional items, bags, website, and media posters", "presentation_time": "30 minutes"}}, {"model": "sponsorship.tier", "pk": 4, "fields": {"sponsor_tier": "Diamond", "cost_inr": "Rs. 5 Lakhs", "exhibition_space": "2 spaces (3x3 sqm)", "stage_recognition": "Diamond sponsor on stage backdrop", "promotional_coverage": "Same as Platinum", "presentation_time": "20 minutes"}}, {"model": "sponsorship.tier", "pk": 5, "fields": {"sponsor_tier": "Gold", "cost_inr": "Rs. 3 Lakhs", "exhibition_space": "1 space (3x3 sqm)", "stage_recognition": "Gold sponsor on stage backdrop", "promotional_coverage": "Same as Platinum", "presentation_time": "10 minutes"}}, {"model": "sponsorship.tier", "pk": 6, "fields": {"sponsor_tier": "Silver", "cost_inr": "Rs. 1 Lakh", "exhibition_space": "1 space (2x2 sqm)", "stage_recognition": "Silver sponsor on stage backdrop", "promotional_coverage": "Same as Platinum", "presentation_time": "5 minutes"}}, {"model": "sponsorship.tier", "pk": 7, "fields": {"sponsor_tier": "Bronze", "cost_inr": "Rs. 50,000", "exhibition_space": "Space will not provided", "stage_recognition": "Bronze sponsor on stage backdrop", "promotional_coverage": "Same as Platinum", "presentation_time": "2 minutes"}}, {"model": "sponsorship.tier", "pk": 8, "fields": {"sponsor_tier": "Home", "cost_inr": null, "exhibition_space": null, "stage_recognition": "", "promotional_coverage": "", "presentation_time": null}}, {"model": "sponsorship.sponsordetail", "pk": 3, "fields": {"company_name": "IEE TEMS", "link": "https://www.ieee.org/membership-catalog/productdetail/showProductDetailPage.html?product=MEMTEM014", "tier": 3, "logo": "sponsors/logos/17-TA-213_TEMS_logo_CMYK.jpg", "position": 0, "order": 1}}, {"model": "sponsorship.sponsordetail", "pk": 4, "fields": {"company_name": "IEEE TEMS - Mobile", "link": "https://www.ieee.org/membership-catalog/productdetail/showProductDetailPage.html?product=MEMTEM014", "tier": 3, "logo": "sponsors/logos/17-TA-213_TEMS_logo_mobile.jpeg", "position": 0, "order": 1}}, {"model": "sponsorship.sponsordetail", "pk": 5, "fields": {"company_name": "TEMSMET-2025", "link": "https://www.ieee-tems.org/temsmet/", "tier": 3, "logo": "", "position": 0, "order": 2}}, {"model": "sponsorship.sponsordetail", "pk": 6, "fields": {"company_name": "IEEE", "link": null, "tier": 3, "logo": "sponsors/logos/IEEE_logo.png", "position": 0, "order": 3}}, {"model": "sponsorship.sponsordetail", "pk": 7, "fields": {"company_name": "IEE Mobile", "link": null, "tier": 3, "logo": "sponsors/logos/IEEE_logo_mobile.png", "position": 0, "order": 3}}, {"model": "sponsorship.sponsordetail", "pk": 8, "fields": {"company_name": "ANRF", "link": null, "tier": 5, "logo": "sponsors/logos/ANRF_logo_2.jpg", "position": 1, "order": 0}}, {"model": "sponsorship.sponsordetail", "pk": 9, "fields": {"company_name": "CYINT", "link": "https://www.cyint.in/", "tier": 6, "logo": "sponsors/logos/Cyint_Color_logo.jpg", "position": 1, "order": 2}}, {"model": "common.latestupdates", "pk": 1, "fields": {"news": "Notification of Acceptance will be notified by 18 August.", "link": null, "order": 0, "priority": "IMPORTANT", "priority_colors": "orange", "live": 1, "created_at": "2025-08-10T14:43:08.785Z"}}, {"model": "common.latestupdates", "pk": 2, "fields": {"news": "testing", "link": null, "order": 99, "priority": "IMPORTANT", "priority_colors": "red", "live": 0, "created_at": "2025-08-10T18:42:41.731Z"}}, {"model": "common.latestupdates", "pk": 3, "fields": {"news": "Hajj 2025 registration now open for early applicants.", "link": null, "order": 99, "priority": "IMPORTANT", "priority_colors": "red", "live": 0, "created_at": "2025-08-10T18:48:17.476Z"}}, {"model": "common.latestupdates", "pk": 4, "fields": {"news": "Umrah visa processing times reduced by 3 days.", "link": null, "order": 99, "priority": "IMPORTANT", "priority_colors": "red", "live": 1, "created_at": "2025-08-10T18:48:37.018Z"}}, {"model": "common.latestupdates", "pk": 5, "fields": {"news": "New transport services introduced between Mina and Arafat", "link": "https://www.anrfonline.in/ANRF/HomePage", "order": 99, "priority": "IMPORTANT", "priority_colors": "red", "live": 1, "created_at": "2025-08-10T18:48:51.217Z"}}, {"model": "common.latestupdates", "pk": 6, "fields": {"news": "Special discounts on Ihram clothing at Medina marketplace.", "link": null, "order": 99, "priority": "IMPORTANT", "priority_colors": "red", "live": 0, "created_at": "2025-08-10T18:49:05.449Z"}}, {"model": "common.page", "pk": 1, "fields": {"name": "call-for-papers", "enabled": true}}, {"model": "common.page", "pk": 2, "fields": {"name": "org-committee", "enabled": true}}, {"model": "common.page", "pk": 3, "fields": {"name": "keynote-speakers", "enabled": false}}, {"model": "common.page", "pk": 4, "fields": {"name": "venue&directions", "enabled": true}}, {"model": "common.page", "pk": 5, "fields": {"name": "submission-guidelines", "enabled": true}}, {"model": "common.page", "pk": 6, "fields": {"name": "sponsorhip-invitation", "enabled": true}}, {"model": "common.page", "pk": 7, "fields": {"name": "explore-delhi", "enabled": true}}, {"model": "common.page", "pk": 8, "fields": {"name": "tourist-destinations", "enabled": true}}, {"model": "common.page", "pk": 9, "fields": {"name": "registration", "enabled": true}}, {"model": "common.page", "pk": 10, "fields": {"name": "comera-ready-paper", "enabled": false}}]